score,lateness,num_posts,avg_post_length,category
50,14,3,441.0,type1
40,36,1,101.0,type1
50,14,1,785.0,type1
50,65,2,273.0,type1
50,-35,2,311.0,type1
50,59,2,554.5,type1
50,43,2,388.5,type1
50,44,3,369.333333333,type1
50,26,1,940.0,type1
50,-34,2,439.0,type1
50,29,2,136.5,type1
50,-5,1,1275.0,type1
50,-28,4,297.25,type1
50,16,5,209.8,type1
50,72,2,487.0,type1
50,68,1,1157.0,type1
50,46,1,620.0,type1
50,15,1,850.0,type1
40,-48,1,515.0,type1
50,16,4,177.0,type1
40,5,2,364.0,type1
40,-42,1,371.0,type1
40,20,3,382.333333333,type1
50,58,3,440.0,type1
40,47,2,687.0,type1
50,71,2,518.0,type1
40,57,1,359.0,type1
50,-13,6,213.666666667,type1
50,25,1,684.0,type1
50,53,1,1132.0,type1
40,-46,5,420.4,type1
50,-13,4,244.5,type1
30,20,1,1262.0,type1
40,-6,5,598.0,type1
0,0,0,0.0,type1
30,-12,3,446.666666667,type1
40,43,4,415.0,type1
50,-6,2,709.0,type1
50,-37,4,514.75,type1
40,-16,1,1662.0,type1
50,-19,4,265.75,type1
50,-38,4,492.5,type1
0,0,0,0.0,type1
30,53,4,385.25,type1
40,-36,6,576.166666667,type1
0,0,0,0.0,type1
40,4,4,405.5,type1
40,-2,2,779.0,type1
50,50,2,487.0,type1
50,-10,1,1770.0,type1
50,-45,2,776.0,type1
40,-1,1,1422.0,type1
40,-38,1,2267.0,type1
50,-40,3,583.333333333,type1
0,0,0,0.0,type1
50,-20,2,669.5,type1
30,-39,4,454.5,type1
0,0,0,0.0,type1
50,-33,5,396.2,type1
0,0,0,0.0,type1
50,-20,6,996.666666667,type1
50,71,7,242.857142857,type1
50,-35,6,569.833333333,type1
40,-3,3,1046.33333333,type1
50,-44,7,511.857142857,type1
50,-5,7,460.714285714,type1
50,-34,10,688.4,type1
50,42,5,583.2,type1
50,69,9,469.0,type1
50,59,8,467.0,type1
50,-44,4,403.5,type1
50,70,7,571.0,type1
50,57,7,543.428571429,type1
50,-35,8,809.125,type1
50,-36,11,627.272727273,type1
50,2,5,647.0,type1
50,-43,7,491.285714286,type1
50,32,3,1225.0,type1
50,-36,5,309.6,type1
50,27,6,554.833333333,type1
50,-23,5,652.4,type1
50,50,2,1450.0,type1
50,38,3,1288.0,type1
50,-40,4,827.75,type1
50,27,2,1625.5,type1
50,40,3,1043.0,type1
50,71,2,1700.0,type1
50,28,3,1106.66666667,type1
40,-7,6,629.5,type1
50,47,2,1948.0,type1
50,-34,7,447.428571429,type1
40,-27,6,344.0,type1
50,-48,4,693.25,type1
50,-21,4,561.5,type1
50,39,7,338.142857143,type1
50,-8,6,772.666666667,type1
50,-32,3,556.333333333,type1
50,-22,3,555.333333333,type1
50,56,4,464.0,type1
40,-33,4,436.5,type1
50,-26,5,189.8,type1
50,-11,3,567.0,type1
50,-3,4,425.5,type1
50,-28,5,940.4,type1
40,-14,5,916.4,type1
40,-17,5,372.8,type1
50,-25,3,507.0,type1
50,-28,2,794.0,type1
50,-18,6,151.333333333,type1
50,-30,1,1254.0,type1
40,-45,2,693.0,type1
50,-27,3,430.0,type1
50,-8,2,1150.0,type1
40,-6,1,1752.0,type1
40,-5,2,866.5,type1
50,38,5,418.0,type1
50,-39,4,356.5,type1
50,-44,2,813.0,type1
50,-39,1,1621.0,type1
50,-35,2,907.5,type1
0,0,0,0.0,type1
50,-38,4,238.5,type1
50,-30,6,465.333333333,type1
50,-12,7,336.857142857,type1
50,-39,5,477.4,type1
50,-48,5,957.0,type1
40,-42,6,737.333333333,type1
50,-4,5,604.0,type1
40,-41,3,566.666666667,type1
50,-11,5,713.6,type1
0,0,0,0.0,type1
50,-5,7,295.285714286,type1
50,-1,3,710.333333333,type1
50,-23,6,920.666666667,type1
40,-37,4,924.0,type1
50,-6,3,602.333333333,type1
50,-32,3,654.666666667,type1
0,0,0,0.0,type1
0,0,0,0.0,type1
0,0,0,0.0,type1
40,-17,1,1831.0,type1
50,-40,2,896.5,type1
50,-33,1,2198.0,type1
40,-32,2,1112.5,type1
50,-26,1,2017.0,type1
50,-46,4,596.75,type1
50,-20,5,483.0,type1
50,-27,2,949.5,type1
40,-1,2,1057.0,type1
50,-12,2,1240.0,type1
40,-11,2,229.5,type1
0,0,0,0.0,type1
30,16,1,585.0,type1
40,-39,5,223.0,type1
30,-44,2,255.0,type1
40,-48,3,611.333333333,type1
0,0,0,0.0,type1
40,15,1,597.0,type1
40,23,3,499.666666667,type1
40,-21,2,296.0,type1
30,-11,1,380.0,type1
40,63,1,218.0,type1
50,-18,2,518.0,type1
0,0,0,0.0,type1
40,-3,1,811.0,type1
50,-40,1,300.0,type1
50,-23,1,258.0,type1
50,30,2,428.0,type1
40,-13,1,272.0,type1
30,-35,2,390.5,type1
50,-36,2,224.0,type1
30,29,1,286.0,type1
30,43,2,530.0,type1
50,-30,1,625.0,type1
40,-21,1,392.0,type1
50,59,1,431.0,type1
0,0,0,0.0,type1
30,-45,3,200.666666667,type1
40,-34,1,462.0,type1
0,0,0,0.0,type1
30,-24,9,419.111111111,type1
40,-25,7,261.142857143,type1
50,46,8,506.25,type1
40,-21,8,1263.25,type1
40,-41,7,591.285714286,type1
40,-19,8,761.25,type1
40,-12,9,781.666666667,type1
40,72,6,557.5,type1
30,67,6,590.166666667,type1
50,1,6,508.333333333,type1
50,-4,6,256.833333333,type1
40,-6,7,489.571428571,type1
0,0,0,0.0,type1
30,51,7,517.857142857,type1
40,-15,5,677.6,type1
40,35,7,533.571428571,type1
50,10,5,594.6,type1
40,-34,4,979.75,type1
0,0,0,0.0,type1
50,-41,7,491.857142857,type1
40,54,5,638.0,type1
40,-23,8,420.375,type1
50,4,1,3833.0,type1
30,53,3,1180.0,type1
50,52,3,1003.33333333,type1
30,-42,3,1210.0,type1
0,0,0,0.0,type1
30,21,3,1108.66666667,type1
50,-2,3,1088.0,type1
40,-25,3,1342.66666667,type1
50,-15,7,410.0,type1
40,-43,6,180.666666667,type1
40,-14,4,343.0,type1
40,28,4,507.75,type1
40,3,2,404.0,type1
30,-40,2,300.0,type1
50,-18,2,561.0,type1
40,-47,5,194.0,type1
40,8,3,293.666666667,type1
30,43,2,339.0,type1
50,-29,2,160.0,type1
40,-6,3,374.333333333,type1
30,28,2,713.0,type1
40,-29,3,585.666666667,type1
30,-8,4,360.75,type1
50,-23,4,247.75,type1
40,71,2,455.5,type1
40,-15,1,863.0,type1
30,63,4,142.75,type1
40,6,2,320.5,type1
40,-8,6,282.5,type1
40,-48,4,240.75,type1
50,-33,3,391.666666667,type1
50,-9,1,913.0,type1
50,-19,1,657.0,type1
40,-31,3,281.666666667,type1
50,69,5,320.4,type1
40,-1,2,455.0,type1
40,15,2,434.0,type1
30,-28,3,307.0,type1
30,44,9,443.777777778,type1
50,8,8,228.125,type1
0,0,0,0.0,type1
40,61,8,466.5,type1
30,12,7,459.714285714,type1
40,-30,10,636.9,type1
40,62,8,880.25,type1
50,53,7,481.0,type1
50,13,8,464.375,type1
40,26,6,555.166666667,type1
40,26,4,336.5,type1
50,11,7,496.714285714,type1
40,34,9,824.444444444,type1
50,-7,9,1088.44444444,type1
50,45,9,371.111111111,type1
40,34,5,706.0,type1
30,23,5,685.2,type1
40,56,3,1210.66666667,type1
40,65,3,343.0,type1
40,46,5,711.4,type1
40,68,1,2738.0,type1
0,0,0,0.0,type1
50,46,3,1389.0,type1
50,8,4,938.5,type1
40,26,3,1092.66666667,type1
0,0,0,0.0,type1
40,32,1,2756.0,type1
50,50,4,815.5,type1
30,-16,3,1015.66666667,type1
0,0,0,0.0,type1
40,5,6,502.333333333,type1
50,-26,5,223.6,type1
50,-41,5,494.6,type1
50,-26,3,1514.33333333,type1
50,-31,3,598.333333333,type1
40,-43,4,1120.25,type1
40,-33,5,372.4,type1
40,-47,4,502.5,type1
40,-15,5,432.8,type1
40,-11,4,434.25,type1
40,-43,3,92.3333333333,type1
50,-15,5,735.6,type1
50,-18,3,1057.0,type1
50,7,8,606.0,type1
50,-47,3,942.0,type1
50,-1,2,665.0,type1
40,44,4,442.5,type1
40,-18,2,926.5,type1
40,-4,2,386.5,type1
30,36,2,730.0,type1
30,-42,2,924.5,type1
40,-4,4,438.0,type1
40,-9,1,2110.0,type1
40,-44,2,667.5,type1
40,-33,2,668.5,type1
50,-12,2,889.5,type1
50,44,2,878.5,type1
50,-33,1,1326.0,type1
40,-28,4,498.75,type1
40,-2,2,953.0,type1
50,13,4,770.25,type1
0,0,0,0.0,type1
50,2,3,590.0,type1
50,-48,6,544.5,type1
50,-16,2,297.5,type1
50,-48,3,845.0,type1
0,0,0,0.0,type1
0,0,0,0.0,type1
40,-43,3,555.666666667,type1
40,60,3,572.0,type1
50,42,5,132.8,type1
50,68,2,717.0,type1
50,-8,4,490.25,type1
40,-21,2,500.0,type1
50,-33,4,742.25,type1
40,54,4,317.75,type1
40,-1,2,491.5,type1
0,0,0,0.0,type1
0,0,0,0.0,type1
40,28,3,398.666666667,type1
30,62,1,1031.0,type1
50,-9,1,776.0,type1
30,-32,3,449.0,type1
40,67,1,1240.0,type1
40,28,1,974.0,type1
50,-29,1,794.0,type1
40,-14,2,310.0,type1
50,-7,3,417.333333333,type1
50,-34,4,440.5,type1
0,0,0,0.0,type1
50,-17,5,382.2,type1
50,-5,3,117.333333333,type1
50,-28,2,890.5,type1
50,-4,4,341.5,type1
50,-8,4,411.5,type1
50,69,5,357.8,type1
50,44,5,752.0,type1
50,-38,3,519.333333333,type1
50,-30,2,699.5,type1
40,-40,4,493.25,type1
50,69,2,458.5,type1
50,-8,7,312.428571429,type1
50,-2,2,853.0,type1
50,-24,5,379.4,type1
50,-18,4,394.0,type1
40,-7,3,512.0,type1
50,-29,2,981.5,type1
40,-47,3,527.0,type1
50,-23,5,243.6,type1
50,-24,2,758.0,type1
50,-42,2,736.5,type1
50,-34,4,442.75,type1
50,45,1,2398.0,type1
50,-23,2,760.5,type1
50,-10,6,348.666666667,type1
50,20,3,538.333333333,type1
50,-11,3,488.333333333,type1
50,-23,2,857.5,type1
40,-11,3,636.0,type1
50,-42,2,936.0,type1
40,-2,7,606.285714286,type1
40,-18,2,332.0,type1
40,-37,5,343.6,type1
40,-11,3,590.0,type1
40,10,4,464.0,type1
30,-16,3,589.333333333,type1
40,19,6,881.333333333,type1
50,-32,4,557.5,type1
30,-25,6,323.333333333,type1
30,-31,6,303.666666667,type1
50,-37,7,143.142857143,type1
50,-37,4,469.75,type1
50,45,4,452.0,type1
50,-23,8,600.75,type1
40,-45,6,819.833333333,type1
30,12,1,1495.0,type1
30,-5,1,1430.0,type1
40,-29,1,1550.0,type1
40,-20,3,259.666666667,type1
50,-46,3,604.333333333,type1
50,-12,7,308.571428571,type1
40,-16,5,361.4,type1
40,-31,1,1764.0,type1
50,-22,2,851.5,type1
40,-37,2,860.0,type1
50,69,4,497.0,type1
50,-46,2,775.0,type1
30,3,2,876.5,type1
40,42,3,600.0,type1
40,-1,1,2032.0,type1
50,55,7,506.428571429,type1
50,63,9,264.0,type1
40,57,7,523.714285714,type1
40,-11,7,525.714285714,type1
50,-42,7,540.857142857,type1
40,-42,11,393.636363636,type1
50,-21,4,1643.25,type1
50,27,6,581.166666667,type1
0,0,0,0.0,type1
40,7,6,591.666666667,type1
50,53,5,224.6,type1
50,-11,6,647.0,type1
50,-5,9,405.444444444,type1
50,-4,6,668.166666667,type1
0,0,0,0.0,type1
50,52,4,794.0,type1
50,-9,5,664.4,type1
50,48,4,988.25,type1
50,22,2,668.5,type1
50,-27,5,659.6,type1
0,0,0,0.0,type1
50,-24,3,967.666666667,type1
50,4,3,1285.0,type1
50,71,1,3385.0,type1
0,0,0,0.0,type1
50,-37,5,718.6,type1
0,0,0,0.0,type1
50,-48,3,1083.0,type1
50,70,6,615.166666667,type1
40,-46,4,1005.75,type1
50,6,4,429.5,type1
50,-17,5,320.6,type1
50,-24,4,440.25,type1
50,-46,6,300.666666667,type1
50,-5,4,488.5,type1
40,-3,4,377.25,type1
40,-41,5,378.8,type1
0,0,0,0.0,type1
50,-2,4,468.25,type1
50,59,6,382.333333333,type1
50,-45,4,191.5,type1
50,-43,5,441.4,type1
50,-48,6,340.666666667,type1
40,-8,3,460.666666667,type1
50,-32,7,292.428571429,type1
50,42,4,438.5,type1
50,-10,3,668.333333333,type1
50,-13,4,569.0,type1
50,-18,1,559.0,type1
50,-39,4,407.5,type1
0,0,0,0.0,type1
50,57,2,675.0,type1
50,-10,2,943.0,type1
50,-45,2,936.5,type1
40,-3,3,631.333333333,type1
50,-22,2,675.0,type1
50,-13,3,674.333333333,type1
50,-45,3,620.333333333,type1
40,-32,2,822.0,type1
50,-37,4,559.25,type1
40,9,8,348.0,type1
40,-19,2,75.0,type1
40,6,3,374.333333333,type1
50,-38,1,651.0,type1
40,39,2,586.5,type1
40,-4,5,474.4,type1
40,38,1,1102.0,type1
40,-17,3,352.333333333,type1
50,5,2,560.0,type1
50,34,3,363.0,type1
40,45,3,136.0,type1
30,19,2,433.5,type1
40,33,2,308.5,type1
50,-25,4,627.75,type1
40,-8,3,726.0,type1
50,22,2,405.0,type1
50,71,1,745.0,type1
40,12,2,533.0,type1
50,65,4,204.75,type1
40,43,5,238.2,type1
40,55,2,515.0,type1
40,72,1,233.0,type1
50,33,2,604.5,type1
40,-34,2,476.5,type1
40,7,1,792.0,type1
30,28,1,1057.0,type1
50,44,1,535.0,type1
30,-8,1,677.0,type1
40,67,1,995.0,type1
50,27,1,1195.0,type1
50,-30,2,361.0,type1
40,-39,4,263.75,type1
50,-11,3,428.666666667,type1
40,-45,3,313.666666667,type1
50,-12,1,678.0,type1
50,-10,2,332.0,type1
30,-27,2,591.0,type1
0,0,0,0.0,type1
0,0,0,0.0,type1
0,0,0,0.0,type1
40,-22,2,111.5,type1
40,-28,2,537.5,type1
40,-14,4,309.75,type1
30,-3,2,423.0,type1
40,-19,4,754.25,type1
50,-16,2,507.5,type1
40,-8,3,310.333333333,type1
50,-11,3,482.0,type1
0,0,0,0.0,type1
40,-39,3,304.0,type1
40,-34,1,541.0,type1
40,-18,1,547.0,type1
40,-3,1,1057.0,type1
50,-37,1,991.0,type1
0,0,0,0.0,type1
40,-40,2,383.0,type1
0,0,0,0.0,type1
0,0,0,0.0,type1
50,-43,5,309.8,type1
50,-1,2,608.5,type1
40,-26,4,488.0,type1
40,-30,2,242.5,type1
0,0,0,0.0,type1
50,-29,3,631.0,type1
40,-1,1,798.0,type1
40,-33,4,301.5,type1
30,-18,2,331.0,type1
0,0,0,0.0,type1
0,0,0,0.0,type1
0,0,0,0.0,type1
40,-34,2,226.0,type1
50,-4,1,735.0,type1
30,-44,5,337.8,type1
0,0,0,0.0,type1
30,-28,3,366.0,type1
40,-24,1,979.0,type1
50,-11,2,662.0,type1
40,-12,1,956.0,type1
40,-29,1,26.0,type1
0,0,0,0.0,type1
30,-26,1,895.0,type1
50,-19,1,741.0,type1
0,0,0,0.0,type1
50,-14,2,578.0,type1
50,-43,1,1047.0,type1
0,0,0,0.0,type1
30,-19,3,350.666666667,type1
40,-5,1,894.0,type1
40,-33,1,774.0,type1
40,-30,3,499.666666667,type1
50,-15,3,396.666666667,type1
30,41,2,248.0,type1
40,12,2,412.5,type1
0,0,0,0.0,type1
50,-42,2,350.0,type1
50,-47,2,587.0,type1
50,-6,5,498.4,type1
0,0,0,0.0,type1
40,36,1,940.0,type1
0,0,0,0.0,type1
50,-8,2,238.0,type1
40,45,3,441.0,type1
40,-1,5,223.8,type1
0,0,0,0.0,type1
0,0,0,0.0,type1
50,-29,2,483.0,type1
50,62,4,385.5,type1
40,-11,4,337.25,type1
40,-13,1,356.0,type1
50,-7,3,370.0,type1
0,0,0,0.0,type1
50,25,1,806.0,type1
50,65,4,406.75,type1
0,0,0,0.0,type1
40,48,1,941.0,type1
40,-42,2,450.0,type1
0,0,0,0.0,type1
40,-14,3,401.666666667,type1
0,0,0,0.0,type1
30,-33,1,1106.0,type1
50,-22,5,470.4,type1
50,-36,2,424.5,type1
50,-32,4,457.75,type1
50,-3,6,948.166666667,type1
50,-32,5,414.6,type1
50,-44,5,692.2,type1
40,-45,4,636.75,type1
50,-35,3,531.666666667,type1
50,-33,4,516.25,type1
50,-15,5,694.6,type1
50,-40,3,190.666666667,type1
50,-9,5,711.6,type1
50,-8,3,657.333333333,type1
50,-12,3,670.666666667,type1
50,-14,5,376.4,type1
50,-47,3,670.666666667,type1
50,-47,3,660.333333333,type1
40,-14,4,568.5,type1
50,-26,6,203.833333333,type1
50,-42,3,533.333333333,type1
40,7,2,899.5,type1
50,-42,6,426.666666667,type1
40,-3,1,2578.0,type1
40,-34,3,642.0,type1
50,-33,1,2234.0,type1
50,-23,2,758.0,type1
50,48,3,541.333333333,type1
50,-39,2,1118.5,type1
50,-12,2,970.0,type1
50,-1,3,870.333333333,type1
0,0,0,0.0,type1
50,-16,2,95.0,type1
50,-44,3,540.0,type1
30,32,5,615.2,type1
40,51,2,520.5,type1
30,59,4,405.75,type1
40,32,3,592.333333333,type1
50,30,5,207.8,type1
40,25,3,359.666666667,type1
40,14,4,327.25,type1
40,-7,3,129.333333333,type1
0,0,0,0.0,type1
0,0,0,0.0,type1
40,11,2,655.0,type1
0,0,0,0.0,type1
40,45,3,203.333333333,type1
0,0,0,0.0,type1
50,27,2,571.0,type1
50,-34,2,100.5,type1
40,54,1,1128.0,type1
50,42,3,448.333333333,type1
0,0,0,0.0,type1
0,0,0,0.0,type1
40,-14,2,592.5,type1
50,48,4,319.25,type1
40,-6,5,294.8,type1
40,-33,3,362.333333333,type1
0,0,0,0.0,type1
40,60,1,649.0,type1
40,41,1,994.0,type1
50,-45,4,423.0,type1
50,-24,1,387.0,type1
50,-23,4,323.25,type1
50,-35,7,713.571428571,type1
50,-44,6,341.666666667,type1
50,-27,4,334.5,type1
50,-22,4,551.75,type1
50,-27,3,586.0,type1
50,-24,4,401.75,type1
40,-20,9,226.888888889,type1
50,-48,2,220.5,type1
50,-11,5,341.8,type1
50,-16,3,983.0,type1
50,-19,4,471.25,type1
50,-13,11,492.181818182,type1
50,-21,7,343.857142857,type1
50,-41,3,551.333333333,type1
40,-42,2,950.5,type1
50,-43,3,195.0,type1
50,-23,4,479.75,type1
50,-17,2,590.5,type1
40,-5,2,787.5,type1
50,-14,4,509.5,type1
50,-19,1,1162.0,type1
50,-30,2,815.5,type1
50,-33,2,899.0,type1
50,-7,4,446.0,type1
50,-13,6,326.5,type1
50,-9,2,1104.0,type1
50,-27,2,1067.5,type1
40,-25,10,393.3,type1
30,3,3,332.666666667,type1
50,-28,4,501.0,type1
50,-24,8,248.5,type1
40,39,1,1345.0,type1
50,-10,6,640.166666667,type1
40,-13,5,729.4,type1
50,-40,3,630.0,type1
40,-3,1,1023.0,type1
40,-32,4,807.25,type1
40,-15,3,101.666666667,type1
30,-19,3,792.333333333,type1
40,-26,2,1117.5,type1
50,-34,6,589.833333333,type1
40,-48,6,583.166666667,type1
40,16,4,361.5,type1
50,-28,3,459.0,type1
40,-43,1,1034.0,type1
40,-27,1,306.0,type1
30,-37,2,839.0,type1
30,-11,3,510.333333333,type1
40,21,2,485.0,type1
40,-8,1,1050.0,type1
40,-39,1,1117.0,type1
50,-26,3,520.0,type1
40,-7,3,541.666666667,type1
30,-10,1,861.0,type1
50,-27,3,496.0,type1
40,-1,3,558.0,type1
40,66,4,422.5,type1
0,0,0,0.0,type1
50,-27,8,248.25,type1
0,0,0,0.0,type1
50,3,9,722.0,type1
40,64,8,470.0,type1
0,0,0,0.0,type1
0,0,0,0.0,type1
50,-8,8,528.375,type1
0,0,0,0.0,type1
50,44,5,619.8,type1
40,15,8,238.25,type1
30,-10,8,465.125,type1
50,-38,4,812.75,type1
0,0,0,0.0,type1
40,43,6,1656.33333333,type1
0,0,0,0.0,type1
40,-29,5,708.2,type1
40,2,3,1161.66666667,type1
50,-32,2,675.5,type1
0,0,0,0.0,type1
50,40,3,1060.66666667,type1
30,40,3,905.333333333,type1
0,0,0,0.0,type1
0,0,0,0.0,type1
50,-6,2,1667.5,type1
50,-3,4,815.75,type1
50,-32,3,1008.0,type1
50,-4,3,1157.66666667,type1
0,0,0,0.0,type1
30,38,4,984.75,type1
50,21,4,570.25,type1
0,0,0,0.0,type1
40,26,1,779.0,type1
0,0,0,0.0,type1
0,0,0,0.0,type1
50,59,3,217.0,type1
50,-35,5,225.4,type1
50,-30,2,437.0,type1
50,72,3,299.0,type1
0,0,0,0.0,type1
50,-26,2,221.5,type1
50,33,1,731.0,type1
50,57,3,304.666666667,type1
0,0,0,0.0,type1
50,-45,4,228.5,type1
50,49,2,250.5,type1
50,-5,2,466.0,type1
50,-34,2,615.5,type1
50,-21,5,211.8,type1
50,9,4,325.25,type1
50,-30,3,301.333333333,type1
50,-11,2,336.5,type1
50,-9,1,952.0,type1
50,-11,1,677.0,type1
50,65,1,814.0,type1
50,-4,1,653.0,type1
50,65,1,529.0,type1
50,-41,3,323.666666667,type1
50,55,1,719.0,type1
0,0,0,0.0,type1
40,50,10,661.6,type1
30,-5,8,348.25,type1
40,43,7,476.857142857,type1
40,-8,7,529.571428571,type1
30,42,11,370.0,type1
30,29,7,511.142857143,type1
40,-45,8,894.5,type1
30,54,4,783.75,type1
40,-10,4,843.25,type1
40,40,9,395.777777778,type1
50,30,4,365.25,type1
50,-20,5,734.4,type1
50,-40,7,506.142857143,type1
40,-26,7,476.857142857,type1
50,-3,7,553.714285714,type1
30,18,5,679.2,type1
50,70,4,830.25,type1
40,-42,7,598.571428571,type1
40,29,2,335.5,type1
40,-10,5,640.6,type1
50,-37,3,978.0,type1
30,26,2,1355.5,type1
30,-47,3,1240.0,type1
40,-42,3,1188.33333333,type1
40,7,3,1184.33333333,type1
40,7,2,1452.0,type1
50,43,3,1015.66666667,type1
30,-32,2,1687.5,type1
40,-28,3,1162.66666667,type1
40,8,4,924.5,type1
50,9,7,613.857142857,type1
50,59,5,336.8,type1
50,-20,6,362.5,type1
50,1,8,638.375,type1
50,-29,6,541.5,type1
50,-16,5,504.4,type1
50,-32,5,630.0,type1
40,-42,6,566.166666667,type1
50,-24,6,864.333333333,type1
50,-35,6,790.0,type1
50,-35,5,293.6,type1
50,-18,6,942.666666667,type1
50,-32,5,554.6,type1
50,-38,5,544.4,type1
50,-33,6,781.666666667,type1
50,-22,3,707.333333333,type1
50,-31,5,535.4,type1
50,-40,1,2673.0,type1
40,43,2,478.0,type1
40,-14,4,584.0,type1
50,-28,4,562.5,type1
50,28,4,562.5,type1
40,-22,2,1535.5,type1
50,-21,3,840.0,type1
50,-48,4,629.0,type1
50,-14,2,1375.5,type1
40,-27,1,2149.0,type1
50,-38,2,1218.5,type1
50,41,5,556.4,type1
50,-20,2,1614.0,type1
40,18,2,1654.0,type1
40,43,4,301.5,type1
40,51,3,593.333333333,type1
50,30,3,1002.0,type1
50,55,3,569.0,type1
40,37,5,674.4,type1
40,-14,7,747.285714286,type1
50,-6,6,262.0,type1
50,39,4,448.0,type1
40,60,5,298.4,type1
50,5,3,268.333333333,type1
40,61,4,463.25,type1
40,-17,4,459.25,type1
30,62,4,421.25,type1
40,39,5,386.0,type1
50,30,2,745.5,type1
40,-32,2,980.0,type1
50,33,3,559.666666667,type1
50,-6,2,327.5,type1
50,10,3,409.333333333,type1
40,24,1,1281.0,type1
40,-29,6,287.666666667,type1
50,21,4,553.5,type1
40,16,3,600.666666667,type1
50,51,2,873.0,type1
30,-26,5,387.2,type1
40,16,2,762.5,type1
50,-16,3,632.666666667,type1
30,8,1,1460.0,type1
30,67,1,1716.0,type1
50,-36,8,547.0,type1
0,0,0,0.0,type1
50,-39,2,1129.5,type1
50,67,5,468.4,type1
50,-38,3,1015.33333333,type1
50,56,6,705.5,type1
0,0,0,0.0,type1
50,-21,4,568.75,type1
0,0,0,0.0,type1
50,20,4,633.25,type1
50,-21,4,256.0,type1
40,-16,6,508.5,type1
50,9,8,374.125,type1
50,-28,8,415.25,type1
0,0,0,0.0,type1
50,22,4,578.75,type1
40,-40,3,816.333333333,type1
50,6,2,1298.5,type1
50,-18,2,568.0,type1
0,0,0,0.0,type1
50,-19,1,2163.0,type1
50,3,2,1143.5,type1
50,-2,4,843.75,type1
40,-41,2,1251.0,type1
40,-7,2,1351.5,type1
50,24,1,2272.0,type1
40,49,2,1291.0,type1
50,-23,2,1213.0,type1
50,-20,1,2438.0,type1
50,70,1,2503.0,type1
40,46,4,575.0,type1
40,-6,5,154.0,type1
30,61,4,423.0,type1
50,-6,6,801.666666667,type1
30,-45,3,647.333333333,type1
40,24,6,789.833333333,type1
50,-7,4,1299.5,type1
50,58,3,466.333333333,type1
50,-17,8,522.25,type1
30,-16,5,669.4,type1
40,26,3,239.0,type1
40,-4,6,388.666666667,type1
30,1,5,722.8,type1
30,-43,5,521.6,type1
40,-48,7,443.857142857,type1
40,19,3,503.666666667,type1
40,-26,3,511.666666667,type1
40,28,2,1086.0,type1
50,-21,2,296.5,type1
30,3,3,600.666666667,type1
40,54,1,971.0,type1
50,52,3,625.333333333,type1
40,71,3,813.666666667,type1
40,39,1,1240.0,type1
40,61,2,751.0,type1
40,16,5,418.8,type1
40,58,2,917.0,type1
50,19,2,763.0,type1
40,-15,2,825.5,type1
30,43,2,1046.0,type1
40,-16,6,872.666666667,type1
50,-45,6,357.5,type1
50,-18,5,409.4,type1
50,-42,6,340.833333333,type1
50,-40,6,425.333333333,type1
50,-39,4,357.25,type1
50,-2,5,676.4,type1
50,-32,3,541.666666667,type1
40,-20,2,683.5,type1
50,-2,7,304.714285714,type1
50,-14,2,143.0,type1
40,-36,4,439.25,type1
50,-3,4,557.5,type1
50,-9,8,581.75,type1
50,-9,2,1507.5,type1
50,-23,3,637.0,type1
50,-47,3,534.333333333,type1
40,-6,5,425.0,type1
50,-28,2,256.5,type1
50,-8,3,551.333333333,type1
50,-12,1,1555.0,type1
50,-9,1,1022.0,type1
50,-27,3,673.0,type1
50,-17,1,1419.0,type1
50,-20,1,1685.0,type1
50,-15,2,758.0,type1
40,-11,1,1418.0,type1
50,-36,1,1762.0,type1
50,-16,2,815.0,type1
50,-27,2,741.0,type1
50,-2,4,492.75,type1
50,-43,5,320.0,type1
40,32,4,450.5,type1
40,-26,5,336.0,type1
40,-19,4,466.5,type1
50,-41,5,748.2,type1
50,-48,8,456.125,type1
40,-12,3,537.0,type1
50,29,4,390.75,type1
50,-29,3,518.0,type1
50,65,4,296.75,type1
40,-12,5,372.2,type1
30,44,2,935.5,type1
30,-11,2,839.0,type1
50,-14,2,838.5,type1
50,-10,3,500.333333333,type1
50,-41,5,363.2,type1
50,-40,7,308.285714286,type1
30,-38,2,419.0,type1
30,-9,3,447.666666667,type1
50,-11,4,379.0,type1
40,-20,2,531.0,type1
30,-48,1,1965.0,type1
30,57,2,822.5,type1
40,-14,1,1667.0,type1
40,-27,1,1458.0,type1
50,-28,4,392.0,type1
50,-43,2,904.0,type1
40,34,2,947.0,type1
30,-26,4,569.25,type1
40,-26,4,839.75,type1
30,-12,5,356.6,type1
30,-20,7,320.714285714,type1
50,-14,4,614.75,type1
30,48,1,993.0,type1
30,-34,3,410.0,type1
0,0,0,0.0,type1
40,-22,3,426.666666667,type1
40,-7,5,549.4,type1
50,-31,6,279.833333333,type1
40,-48,1,603.0,type1
0,0,0,0.0,type1
40,-2,7,429.428571429,type1
50,-21,4,658.25,type1
0,0,0,0.0,type1
40,-21,1,1106.0,type1
0,0,0,0.0,type1
40,-15,2,698.5,type1
50,18,3,250.0,type1
40,-43,2,724.5,type1
0,0,0,0.0,type1
50,-4,1,1082.0,type1
40,-2,3,571.0,type1
30,-31,3,523.0,type1
40,27,1,1239.0,type1
50,35,2,511.0,type1
40,58,1,1386.0,type1
40,-9,2,745.5,type1
50,-12,2,659.0,type1
40,-35,2,845.0,type1
50,-20,8,754.5,type1
50,-4,7,150.857142857,type1
50,-23,8,290.0,type1
50,-12,6,1045.0,type1
40,-18,6,402.166666667,type1
50,-15,5,764.0,type1
0,0,0,0.0,type1
50,-44,3,713.666666667,type1
50,-19,5,476.6,type1
50,-13,3,1274.0,type1
50,-5,3,314.333333333,type1
50,-11,2,1172.0,type1
40,-26,2,985.5,type1
50,-41,6,983.666666667,type1
50,-14,4,1332.5,type1
0,0,0,0.0,type1
50,-9,4,582.0,type1
40,-16,3,768.333333333,type1
50,-14,1,475.0,type1
40,-1,2,928.0,type1
50,-19,2,1101.0,type1
50,-34,1,1581.0,type1
50,-24,3,825.333333333,type1
50,-28,4,621.5,type1
50,-35,1,2248.0,type1
50,-18,2,974.0,type1
50,-13,2,917.5,type1
50,-12,5,531.6,type1
50,-6,2,1159.0,type1
0,0,0,0.0,type1
50,-22,7,405.285714286,type1
50,-5,5,342.4,type1
50,-39,3,854.0,type1
40,-14,6,1126.66666667,type1
50,-44,4,686.75,type1
50,-45,5,542.6,type1
50,-31,8,358.875,type1
50,-15,4,574.0,type1
50,-20,5,606.2,type1
50,-16,9,346.666666667,type1
50,-5,6,271.833333333,type1
50,-26,5,595.2,type1
50,-19,4,621.25,type1
50,-15,7,425.285714286,type1
50,-25,4,529.75,type1
50,-3,4,617.0,type1
50,-4,4,618.25,type1
50,-33,1,2636.0,type1
50,-40,2,560.0,type1
50,-41,3,835.333333333,type1
50,-24,2,1179.5,type1
40,-21,1,2034.0,type1
50,-29,3,934.333333333,type1
50,-13,1,2449.0,type1
40,-41,2,1086.5,type1
50,-15,2,1155.5,type1
50,-22,2,884.0,type1
50,-4,2,1380.5,type1
50,-37,5,617.4,type1
40,-19,4,722.0,type1
0,0,0,0.0,type1
50,-8,1,479.0,type1
50,-3,4,228.25,type1
30,-12,3,253.0,type1
40,-40,1,346.0,type1
40,-15,3,334.0,type1
40,-30,3,414.333333333,type1
50,-37,3,152.333333333,type1
50,-28,1,359.0,type1
0,0,0,0.0,type1
50,-39,1,305.0,type1
0,0,0,0.0,type1
50,-44,4,246.0,type1
40,-48,2,461.0,type1
40,-17,4,353.5,type1
40,-27,1,216.0,type1
40,-2,1,941.0,type1
40,-31,1,744.0,type1
50,-21,3,147.333333333,type1
40,-13,2,153.0,type1
30,-16,3,275.333333333,type1
40,-30,1,630.0,type1
40,-18,3,296.0,type1
50,-6,3,177.333333333,type1
40,-21,1,520.0,type1
40,-22,2,471.0,type1
40,-34,1,633.0,type1
0,0,0,0.0,type1
0,0,0,0.0,type1
40,-7,4,271.75,type1
40,-41,4,912.75,type1
50,-31,4,315.5,type1
50,-35,3,633.0,type1
40,-24,6,643.333333333,type1
40,-18,4,497.5,type1
50,-13,6,355.0,type1
50,-37,4,587.0,type1
50,-6,3,503.666666667,type1
50,-15,4,475.75,type1
50,-7,4,582.5,type1
50,-33,5,180.2,type1
40,-20,5,395.0,type1
50,-6,2,1004.0,type1
40,-6,3,686.333333333,type1
50,-12,6,669.0,type1
50,-12,4,545.25,type1
50,-16,1,2021.0,type1
40,-39,3,799.0,type1
50,-28,5,157.6,type1
50,-43,1,1495.0,type1
50,-31,2,1008.5,type1
50,-7,2,842.0,type1
50,-1,1,2447.0,type1
40,-3,2,1088.5,type1
50,-18,2,1030.0,type1
50,-39,2,892.5,type1
50,-39,2,1081.5,type1
50,-17,2,800.0,type1
50,-23,2,1097.0,type1
50,-10,2,1281.0,type1
0,0,0,0.0,type1
40,-18,3,166.333333333,type1
40,-39,3,292.666666667,type1
50,-27,2,603.5,type1
50,-34,1,413.0,type1
40,-42,4,436.75,type1
40,-26,1,906.0,type1
40,-29,2,256.5,type1
50,-21,4,311.75,type1
0,0,0,0.0,type1
50,-47,4,113.0,type1
0,0,0,0.0,type1
0,0,0,0.0,type1
40,-34,4,470.0,type1
0,0,0,0.0,type1
50,-31,2,671.5,type1
40,-27,1,429.0,type1
40,-42,1,1048.0,type1
40,-7,4,150.75,type1
40,-38,2,419.0,type1
0,0,0,0.0,type1
0,0,0,0.0,type1
50,-39,2,506.5,type1
40,-5,3,332.666666667,type1
40,-23,3,301.333333333,type1
40,-39,1,891.0,type1
50,-38,1,622.0,type1
40,-35,2,164.5,type1
0,0,0,0.0,type1
50,-28,1,691.0,type1
30,-27,5,921.0,type1
40,-29,5,189.4,type1
40,-5,5,402.4,type1
40,-3,9,627.777777778,type1
50,-5,5,380.0,type1
40,-17,4,516.5,type1
50,-6,4,370.0,type1
40,-10,4,579.0,type1
40,-12,7,530.714285714,type1
40,-1,6,477.5,type1
30,-8,2,267.5,type1
40,-39,8,307.625,type1
50,-12,8,463.5,type1
40,-9,4,422.25,type1
40,-14,6,815.0,type1
50,-28,3,465.333333333,type1
40,-29,3,620.0,type1
30,-31,3,582.666666667,type1
40,-4,2,366.0,type1
50,-39,3,401.0,type1
40,-31,2,729.5,type1
50,-48,2,637.0,type1
50,-25,2,961.0,type1
50,-23,2,1042.5,type1
50,-22,2,874.5,type1
50,-28,2,833.5,type1
40,-28,3,489.666666667,type1
50,-19,4,440.25,type1
40,-10,2,1037.0,type1
40,-44,4,578.5,type1
50,-44,5,358.8,type1
40,-15,1,446.0,type1
50,-45,6,168.5,type1
50,-48,2,446.5,type1
50,-32,2,331.5,type1
50,-23,2,524.5,type1
50,-6,3,401.0,type1
50,-8,4,211.25,type1
50,-19,1,931.0,type1
50,-31,1,553.0,type1
50,-21,2,150.5,type1
50,-41,3,600.333333333,type1
50,-6,2,204.0,type1
50,-1,3,528.333333333,type1
50,-10,2,483.0,type1
50,-1,2,325.0,type1
50,-48,6,211.666666667,type1
50,-7,3,491.333333333,type1
50,-39,3,189.333333333,type1
40,-20,3,339.666666667,type1
50,-6,1,667.0,type1
40,19,2,418.5,type1
50,-44,1,1023.0,type1
50,-47,1,527.0,type1
50,-14,1,760.0,type1
50,-36,1,761.0,type1
50,-7,1,536.0,type1
50,-27,3,268.333333333,type1
50,-18,3,315.333333333,type1
50,-25,1,726.0,type1
50,33,7,519.142857143,type1
0,0,0,0.0,type1
50,59,4,544.75,type1
50,-32,4,469.5,type1
50,39,2,1026.5,type1
50,63,5,1030.0,type1
50,-44,3,1184.66666667,type1
40,67,1,1552.0,type1
50,46,5,417.4,type1
50,24,6,370.333333333,type1
50,-33,2,445.5,type1
50,-28,6,447.5,type1
50,6,6,388.5,type1
50,-14,4,887.5,type1
50,-5,3,653.0,type1
40,28,1,1666.0,type1
50,60,2,1009.0,type1
50,17,2,1032.0,type1
50,-16,4,216.0,type1
50,-15,2,800.5,type1
50,34,1,1175.0,type1
50,24,4,430.25,type1
40,-37,2,1142.0,type1
50,57,2,955.0,type1
50,8,2,969.0,type1
40,5,3,659.666666667,type1
50,27,3,757.666666667,type1
50,-27,3,835.666666667,type1
50,39,2,937.0,type1
50,46,3,788.0,type1
50,-41,8,738.375,type1
50,-20,5,424.0,type1
50,-46,2,1006.5,type1
50,24,7,901.0,type1
40,19,3,597.333333333,type1
50,48,7,891.714285714,type1
50,-2,5,902.0,type1
50,-35,2,947.0,type1
50,47,3,1288.66666667,type1
50,59,5,851.0,type1
50,70,1,889.0,type1
50,52,4,913.25,type1
50,-48,4,497.0,type1
50,-23,5,743.0,type1
50,-16,4,526.75,type1
40,-43,2,980.0,type1
50,67,4,583.25,type1
40,-40,4,609.0,type1
50,-15,3,350.0,type1
50,-17,2,1009.0,type1
40,-38,5,442.4,type1
50,71,3,541.0,type1
50,-45,5,589.0,type1
50,8,1,2274.0,type1
50,72,2,970.0,type1
50,-32,1,1928.0,type1
50,47,3,652.333333333,type1
50,60,3,785.0,type1
50,-47,1,2176.0,type1
50,60,2,1225.0,type1
40,4,3,496.666666667,type1
50,5,5,443.8,type1
50,-2,6,301.0,type1
40,66,3,1311.33333333,type1
50,-34,5,462.8,type1
40,19,4,372.0,type1
50,62,4,501.75,type1
40,66,6,286.833333333,type1
50,18,4,448.5,type1
50,23,5,331.0,type1
50,-3,5,146.6,type1
50,-2,1,1848.0,type1
50,-47,2,800.5,type1
50,23,6,875.333333333,type1
50,-25,4,922.5,type1
40,-18,5,335.4,type1
50,-29,4,506.5,type1
50,12,2,984.5,type1
50,3,2,584.5,type1
40,25,1,1517.0,type1
50,-14,3,667.0,type1
50,16,3,569.0,type1
50,-41,2,910.5,type1
40,29,2,778.5,type1
50,2,2,845.0,type1
40,-21,2,918.5,type1
50,42,5,304.0,type1
50,-45,3,670.333333333,type1
50,-9,3,604.333333333,type1
50,-13,2,857.0,type1
40,-40,3,488.666666667,type1
50,-6,2,354.0,type1
30,-16,1,744.0,type1
0,0,0,0.0,type1
40,-19,1,1068.0,type1
30,58,5,362.8,type1
50,-27,5,647.6,type1
0,0,0,0.0,type1
40,-29,3,402.333333333,type1
50,-17,3,632.666666667,type1
30,-22,2,145.5,type1
40,-14,3,732.666666667,type1
0,0,0,0.0,type1
0,0,0,0.0,type1
40,-24,5,443.6,type1
50,15,2,463.0,type1
30,-10,4,357.0,type1
0,0,0,0.0,type1
30,24,1,7.0,type1
40,-24,3,546.0,type1
50,15,1,801.0,type1
0,0,0,0.0,type1
50,-34,1,1284.0,type1
50,-2,1,963.0,type1
40,-17,1,995.0,type1
50,-26,4,408.75,type1
40,30,1,894.0,type1
40,-2,1,1130.0,type1
40,-43,4,358.75,type1
40,-44,4,327.0,type1
0,0,0,0.0,type1
50,-7,4,403.5,type1
50,-41,3,681.666666667,type1
50,7,4,1404.25,type1
50,61,7,411.714285714,type1
50,-32,6,970.166666667,type1
40,-14,3,1321.33333333,type1
50,-19,5,629.6,type1
50,-34,6,435.0,type1
40,2,4,529.25,type1
50,71,5,204.6,type1
50,60,2,1048.0,type1
50,-33,5,509.6,type1
50,43,6,716.166666667,type1
50,-8,3,1339.33333333,type1
50,-7,2,1072.5,type1
50,-30,3,720.666666667,type1
0,0,0,0.0,type1
50,-9,5,217.0,type1
50,60,3,624.333333333,type1
50,52,2,894.5,type1
50,7,2,870.0,type1
50,-17,2,1391.0,type1
50,-29,3,679.333333333,type1
50,52,2,1139.5,type1
50,-5,6,380.0,type1
50,-32,3,602.666666667,type1
50,-30,1,2134.0,type1
50,11,6,462.333333333,type1
40,-31,5,607.6,type1
0,0,0,0.0,type1
30,71,4,268.5,type1
0,0,0,0.0,type1
40,-46,6,296.166666667,type1
0,0,0,0.0,type1
30,-32,5,657.0,type1
0,0,0,0.0,type1
50,-36,3,384.0,type1
40,-20,4,479.5,type1
0,0,0,0.0,type1
50,70,2,332.0,type1
50,25,4,461.0,type1
50,67,6,331.666666667,type1
40,1,5,352.6,type1
40,-45,1,1693.0,type1
40,-20,6,341.666666667,type1
40,49,3,585.333333333,type1
40,-1,3,777.666666667,type1
40,10,2,341.5,type1
50,27,3,604.666666667,type1
30,51,3,614.0,type1
40,-41,2,768.0,type1
0,0,0,0.0,type1
0,0,0,0.0,type1
40,6,2,923.5,type1
30,58,2,772.0,type1
50,-3,2,696.5,type1
0,0,0,0.0,type1
0,0,0,0.0,type1
0,0,0,0.0,type1
50,-35,5,472.0,type1
50,-44,4,234.75,type1
50,-31,1,1506.0,type1
50,-39,4,550.25,type1
50,-3,3,610.666666667,type1
50,-35,6,370.666666667,type1
50,-27,2,856.5,type1
50,-43,3,426.333333333,type1
50,-44,7,516.857142857,type1
50,-8,3,438.0,type1
40,-11,3,322.333333333,type1
50,-48,5,357.8,type1
50,-17,5,443.2,type1
50,-21,5,869.8,type1
50,-28,5,743.8,type1
40,-12,3,508.0,type1
50,-25,2,691.0,type1
50,-7,2,839.0,type1
50,-10,5,158.6,type1
50,-40,3,509.0,type1
50,-31,1,1206.0,type1
40,-20,6,341.666666667,type1
50,-46,3,679.0,type1
40,-20,2,731.5,type1
50,-45,1,1796.0,type1
40,-33,1,1734.0,type1
50,-10,3,677.666666667,type1
50,-7,3,743.333333333,type1
40,-37,2,775.0,type1
50,-19,2,870.5,type1
50,-25,7,580.142857143,type1
50,-13,7,163.0,type1
40,-47,3,689.333333333,type1
50,-3,7,640.285714286,type1
50,-25,2,1162.5,type1
50,-41,3,700.666666667,type1
50,-22,6,438.166666667,type1
40,-34,4,537.25,type1
40,-45,4,575.0,type1
0,0,0,0.0,type1
0,0,0,0.0,type1
50,-3,2,1033.0,type1
50,-4,7,397.428571429,type1
50,-27,6,628.833333333,type1
40,-35,3,683.0,type1
0,0,0,0.0,type1
50,-25,1,1859.0,type1
50,-44,2,1135.5,type1
50,-46,2,421.0,type1
50,-16,3,735.666666667,type1
50,-34,2,1001.5,type1
50,-24,3,660.333333333,type1
50,-11,2,1391.5,type1
0,0,0,0.0,type1
40,-10,3,763.0,type1
40,-46,4,566.25,type1
0,0,0,0.0,type1
50,-9,2,1045.5,type1
0,0,0,0.0,type1
50,-43,4,745.0,type1
50,-22,8,356.625,type1
50,-44,3,265.333333333,type1
40,-26,4,537.25,type1
50,-33,5,740.0,type1
50,-44,4,475.25,type1
50,-2,7,777.0,type1
50,-15,7,693.571428571,type1
40,-31,4,627.75,type1
50,-9,4,549.75,type1
50,-22,3,549.333333333,type1
50,-4,2,395.0,type1
50,-22,4,884.25,type1
40,-15,5,759.2,type1
50,-1,4,522.75,type1
50,-29,7,337.285714286,type1
50,-47,2,952.0,type1
40,-33,4,503.0,type1
50,-45,2,1056.0,type1
50,-17,2,520.0,type1
50,-37,3,677.666666667,type1
50,-20,2,773.5,type1
50,-35,1,1813.0,type1
50,-17,4,612.25,type1
50,-8,2,956.0,type1
50,-15,4,599.75,type1
50,-4,1,1940.0,type1
50,-37,1,1825.0,type1
50,-23,1,2035.0,type1
40,-32,2,1058.0,type1
50,-16,2,1289.5,type1
50,-21,4,562.25,type1
40,-34,2,286.5,type1
40,-21,2,488.5,type1
40,-5,3,677.666666667,type1
40,-27,1,1151.0,type1
30,-22,3,393.666666667,type1
50,-9,3,658.666666667,type1
40,-19,5,237.8,type1
50,-37,2,474.5,type1
50,-47,3,323.333333333,type1
40,-12,3,226.0,type1
50,-34,1,1061.0,type1
40,-46,3,375.333333333,type1
50,-41,1,1129.0,type1
40,-18,5,367.8,type1
40,-48,2,333.5,type1
30,-13,4,317.0,type1
40,-41,1,1187.0,type1
50,-15,1,427.0,type1
40,-25,1,639.0,type1
40,-2,1,985.0,type1
40,-4,5,248.2,type1
50,-36,1,933.0,type1
50,-30,1,1061.0,type1
30,-20,1,846.0,type1
40,-20,1,960.0,type1
50,-43,1,896.0,type1
50,-17,1,1077.0,type1
50,-16,2,365.5,type1
40,-20,1,1017.0,type1
50,26,5,468.4,type1
50,-23,2,250.0,type1
40,10,2,439.0,type1
50,-42,4,642.0,type1
40,-31,3,388.333333333,type1
40,-19,6,399.833333333,type1
40,-17,4,443.0,type1
40,-16,5,269.2,type1
30,-5,2,430.5,type1
40,-47,3,374.0,type1
30,-42,2,135.5,type1
40,-10,4,374.75,type1
30,-1,2,369.5,type1
40,-24,4,592.0,type1
50,-2,4,698.5,type1
40,18,1,659.0,type1
40,2,5,295.8,type1
50,-36,3,446.666666667,type1
40,-42,1,236.0,type1
40,55,3,244.333333333,type1
40,11,1,592.0,type1
30,53,1,880.0,type1
50,-23,1,928.0,type1
50,22,4,212.0,type1
30,-37,1,1201.0,type1
50,-4,2,227.5,type1
40,-26,1,510.0,type1
50,-10,4,294.0,type1
30,14,1,829.0,type1
30,-14,2,532.5,type1
50,-38,2,336.5,type1
50,-48,2,73.0,type1
50,-44,2,459.0,type1
50,-16,3,561.0,type1
50,-14,2,405.0,type1
50,46,1,676.0,type1
50,-8,4,337.5,type1
40,-25,4,284.25,type1
50,-9,1,744.0,type1
50,-7,6,307.166666667,type1
50,-3,6,183.666666667,type1
50,-44,3,308.0,type1
50,71,4,453.25,type1
50,-31,3,660.666666667,type1
40,-29,5,180.2,type1
50,-8,3,276.333333333,type1
50,-34,4,243.25,type1
50,-42,1,850.0,type1
40,-8,1,235.0,type1
40,-15,5,217.4,type1
50,-13,1,511.0,type1
40,-39,4,222.75,type1
40,21,1,955.0,type1
50,-37,3,362.666666667,type1
50,-42,3,436.666666667,type1
50,-41,1,769.0,type1
50,-14,1,799.0,type1
50,-2,2,393.5,type1
50,-28,2,435.0,type1
40,-39,1,609.0,type1
40,-26,5,528.4,type1
50,-41,2,566.0,type1
50,-41,4,471.75,type1
40,-16,1,1417.0,type1
40,-47,5,365.4,type1
40,-17,4,539.75,type1
40,-48,4,481.0,type1
40,-38,3,475.666666667,type1
50,-39,3,497.666666667,type1
40,-23,4,379.5,type1
30,-42,1,304.0,type1
50,-37,3,473.0,type1
50,-39,4,308.5,type1
40,-35,5,713.4,type1
30,-33,3,855.0,type1
40,-42,5,361.6,type1
40,-11,5,316.8,type1
40,-6,1,1186.0,type1
30,-41,2,164.5,type1
50,-19,2,636.0,type1
50,-34,1,1152.0,type1
50,-6,1,862.0,type1
40,-36,5,390.6,type1
40,-25,2,631.5,type1
40,-29,1,1627.0,type1
40,-39,1,1169.0,type1
40,-7,2,634.0,type1
30,-36,1,1245.0,type1
50,-3,1,1157.0,type1
50,-25,1,1317.0,type1
50,48,8,493.125,type1
50,-39,9,363.222222222,type1
50,-22,6,594.0,type1
50,-14,11,348.636363636,type1
50,68,8,496.5,type1
40,-28,7,556.857142857,type1
50,-46,6,564.333333333,type1
50,-43,8,422.75,type1
50,-9,5,710.6,type1
50,-14,9,406.444444444,type1
50,26,5,344.6,type1
50,-43,7,544.857142857,type1
50,-2,8,470.75,type1
40,62,10,993.3,type1
50,-27,8,825.25,type1
50,-12,5,605.0,type1
50,-34,5,692.0,type1
50,45,3,1170.66666667,type1
50,-26,3,406.666666667,type1
50,-1,5,681.8,type1
50,-28,3,1012.33333333,type1
50,-1,2,1571.5,type1
50,24,4,1072.0,type1
50,-9,5,644.2,type1
50,-19,1,3337.0,type1
50,6,6,585.0,type1
50,-28,6,565.5,type1
50,-23,4,832.25,type1
50,-9,3,1127.33333333,type1
40,-15,4,917.75,type1
50,6,4,487.5,type1
40,27,5,236.8,type1
40,15,2,429.5,type1
50,27,3,340.666666667,type1
40,2,1,1129.0,type1
50,67,4,660.5,type1
30,64,3,1030.33333333,type1
50,55,4,340.25,type1
0,0,0,0.0,type1
0,0,0,0.0,type1
40,26,2,92.5,type1
30,63,3,644.333333333,type1
40,3,3,703.666666667,type1
40,28,2,312.5,type1
30,52,7,480.857142857,type1
40,70,2,526.0,type1
40,54,2,385.5,type1
40,10,1,874.0,type1
40,44,4,116.75,type1
30,45,1,690.0,type1
50,48,1,969.0,type1
50,67,1,742.0,type1
50,11,1,866.0,type1
40,68,1,795.0,type1
30,41,1,1046.0,type1
40,24,3,390.666666667,type1
40,25,3,456.0,type1
50,25,5,266.2,type1
40,35,1,530.0,type1
40,24,1,1143.0,type1
0,0,0,0.0,type1
50,-19,4,256.0,type1
50,-29,4,569.75,type1
50,-44,5,876.2,type1
40,-32,3,705.0,type1
50,-4,3,1303.33333333,type1
50,-43,5,946.2,type1
0,0,0,0.0,type1
50,-37,5,504.2,type1
40,-21,4,511.25,type1
50,-7,1,969.0,type1
50,-5,3,674.666666667,type1
50,-44,3,801.0,type1
50,-1,4,556.0,type1
40,-16,5,571.8,type1
50,-13,3,753.333333333,type1
50,-20,5,499.2,type1
50,-26,2,1290.5,type1
50,-11,2,317.0,type1
50,-47,3,634.666666667,type1
40,-12,2,912.5,type1
50,-2,2,1015.5,type1
50,-28,3,932.0,type1
50,-17,1,1826.0,type1
40,-30,3,630.333333333,type1
40,-1,4,551.25,type1
50,-16,1,1784.0,type1
50,-17,2,1333.0,type1
50,-14,1,1843.0,type1
40,-16,6,541.166666667,type1
50,-3,2,813.0,type1
50,-28,3,184.333333333,type1
50,-33,4,485.0,type1
50,-21,5,604.2,type1
40,-26,3,551.0,type1
50,-36,5,337.4,type1
50,-2,3,564.0,type1
50,-46,4,463.5,type1
50,-22,6,357.833333333,type1
50,-28,4,365.5,type1
50,-20,3,259.333333333,type1
50,-8,3,605.333333333,type1
50,-39,4,524.25,type1
40,-19,6,543.833333333,type1
50,-32,3,580.333333333,type1
50,-6,2,603.5,type1
40,-34,4,445.25,type1
50,-48,3,701.666666667,type1
50,-46,2,410.0,type1
50,-4,1,1498.0,type1
40,-25,1,1168.0,type1
40,-32,1,1346.0,type1
50,-43,2,981.0,type1
50,-11,3,716.333333333,type1
50,-6,2,697.5,type1
50,-2,2,877.0,type1
50,-18,2,878.5,type1
50,-38,2,1077.5,type1
50,-8,4,487.0,type1
50,-22,2,890.0,type1
0,0,0,0.0,type1
0,0,0,0.0,type1
40,-32,3,447.666666667,type1
40,-3,2,328.5,type1
0,0,0,0.0,type1
40,-21,4,296.5,type1
40,64,4,701.25,type1
50,57,2,449.0,type1
40,57,5,261.0,type1
40,31,2,624.5,type1
40,46,1,202.0,type1
50,-33,2,397.5,type1
0,0,0,0.0,type1
40,62,3,631.0,type1
30,-1,5,276.4,type1
40,-32,3,331.333333333,type1
40,10,2,407.5,type1
40,6,2,427.5,type1
50,-15,4,219.25,type1
40,-29,3,225.333333333,type1
30,-13,2,439.0,type1
40,-40,3,324.333333333,type1
40,45,1,1297.0,type1
50,-3,1,691.0,type1
50,-7,4,278.0,type1
40,-23,2,224.5,type1
0,0,0,0.0,type1
40,-12,1,600.0,type1
40,-46,3,232.0,type1
0,0,0,0.0,type1
40,-27,1,842.0,type1
50,-3,3,301.666666667,type1
30,19,5,192.2,type1
30,-29,4,475.0,type1
40,-14,2,283.5,type1
50,-13,4,538.5,type1
40,-14,2,539.0,type1
50,1,3,139.0,type1
40,-15,2,387.0,type1
40,-19,1,404.0,type1
40,-28,3,152.666666667,type1
50,-44,2,511.5,type1
40,70,4,266.75,type1
30,5,3,603.0,type1
30,-29,1,635.0,type1
50,-20,3,310.333333333,type1
0,0,0,0.0,type1
40,-1,3,307.0,type1
40,-20,2,109.0,type1
50,-1,1,258.0,type1
40,-32,3,395.666666667,type1
30,-3,2,302.5,type1
40,-33,1,636.0,type1
30,-32,1,640.0,type1
30,-32,1,766.0,type1
40,32,3,207.333333333,type1
30,-45,3,262.666666667,type1
30,-4,1,570.0,type1
0,0,0,0.0,type1
40,-10,2,461.0,type1
50,-15,5,439.0,type1
40,-28,6,354.5,type1
50,-16,3,614.0,type1
50,-3,5,471.8,type1
50,-48,4,506.5,type1
40,-11,6,391.5,type1
50,-9,3,611.0,type1
50,-18,3,562.666666667,type1
50,-44,6,398.833333333,type1
50,-16,4,576.25,type1
50,-33,6,197.833333333,type1
50,-47,4,586.75,type1
50,-15,4,513.5,type1
50,-32,5,1038.8,type1
50,-26,2,789.5,type1
50,-14,4,514.0,type1
50,-1,5,377.4,type1
50,-22,2,911.0,type1
50,-9,4,263.5,type1
50,-47,4,554.75,type1
50,-20,1,1530.0,type1
50,-39,2,955.0,type1
50,-4,1,2342.0,type1
50,-20,1,1865.0,type1
50,-33,1,2146.0,type1
50,-7,3,794.0,type1
50,-31,1,1446.0,type1
50,-21,4,574.75,type1
50,-2,3,668.0,type1
50,-7,4,659.75,type1
0,0,0,0.0,type1
0,0,0,0.0,type1
40,64,5,352.4,type1
50,15,5,841.2,type1
0,0,0,0.0,type1
0,0,0,0.0,type1
0,0,0,0.0,type1
40,-8,2,440.5,type1
40,-46,3,906.333333333,type1
0,0,0,0.0,type1
40,-31,2,208.0,type1
40,-2,6,499.333333333,type1
40,-24,3,511.333333333,type1
50,-22,1,1378.0,type1
50,22,3,426.333333333,type1
0,0,0,0.0,type1
40,-39,1,1499.0,type1
0,0,0,0.0,type1
50,66,1,119.0,type1
30,49,1,981.0,type1
30,10,1,1295.0,type1
40,-30,1,872.0,type1
40,-45,4,557.0,type1
50,-30,1,1567.0,type1
50,54,1,1373.0,type1
50,-27,1,1038.0,type1
30,-29,2,645.5,type1
0,0,0,0.0,type1
40,-41,2,615.0,type1
30,-14,2,998.5,type1
50,-11,4,566.25,type1
50,-46,4,301.0,type1
50,-24,5,448.4,type1
50,-43,4,868.5,type1
50,-9,4,573.25,type1
50,-36,4,471.5,type1
50,-40,3,796.333333333,type1
50,-11,2,1006.5,type1
50,-47,3,607.666666667,type1
50,-14,4,483.75,type1
40,-39,4,294.5,type1
50,-9,5,432.8,type1
50,-44,7,344.571428571,type1
50,-7,6,394.5,type1
50,-2,5,420.2,type1
50,-7,1,1410.0,type1
50,-5,3,697.666666667,type1
50,-28,1,1978.0,type1
50,-15,2,295.0,type1
40,-13,2,979.0,type1
40,-7,3,490.333333333,type1
50,-10,1,1439.0,type1
40,-38,1,2252.0,type1
50,-22,1,1989.0,type1
50,-26,2,1029.5,type1
50,-11,2,1016.5,type1
50,-3,2,915.5,type1
50,-11,3,788.333333333,type1
50,-19,7,397.142857143,type1
50,-17,1,1642.0,type1
40,-34,3,199.0,type1
50,-47,3,161.666666667,type1
50,-20,3,220.666666667,type1
40,-6,6,360.166666667,type1
40,-47,3,429.333333333,type1
40,-21,4,580.25,type1
40,-2,4,560.5,type1
50,-28,1,375.0,type1
50,-6,5,267.2,type1
40,-9,3,413.333333333,type1
50,-37,2,324.5,type1
40,-3,2,251.0,type1
50,-6,2,279.5,type1
50,-22,3,631.333333333,type1
40,-40,3,518.666666667,type1
30,-43,2,249.5,type1
50,-17,1,476.0,type1
40,-24,1,1143.0,type1
50,-14,1,419.0,type1
40,-7,1,789.0,type1
40,-38,1,527.0,type1
40,-30,1,340.0,type1
40,-27,3,298.666666667,type1
40,-35,1,669.0,type1
50,-20,1,907.0,type1
30,-3,1,284.0,type1
50,-3,1,649.0,type1
40,-22,2,303.5,type1
40,-4,1,828.0,type1
30,-20,1,792.0,type1
40,40,4,309.75,type1
0,0,0,0.0,type1
50,-43,2,321.0,type1
50,-20,2,442.0,type1
50,-47,3,270.333333333,type1
50,-45,3,587.666666667,type1
50,-19,2,477.5,type1
50,-31,2,492.0,type1
50,-37,2,429.0,type1
50,-30,2,386.0,type1
50,-46,2,221.0,type1
0,0,0,0.0,type1
0,0,0,0.0,type1
50,-6,4,583.5,type1
50,71,4,501.5,type1
50,-25,2,372.0,type1
50,-12,3,304.666666667,type1
0,0,0,0.0,type1
50,54,2,314.5,type1
50,-27,3,335.333333333,type1
0,0,0,0.0,type1
50,11,1,433.0,type1
40,-41,2,660.5,type1
50,-12,1,992.0,type1
0,0,0,0.0,type1
50,-17,1,404.0,type1
50,-33,2,492.0,type1
50,6,1,901.0,type1
50,-46,4,342.0,type1
50,30,1,872.0,type1
50,-48,10,929.8,type1
50,-42,7,450.857142857,type1
40,-12,7,500.428571429,type1
50,-26,9,1070.0,type1
40,-41,6,533.666666667,type1
50,-36,10,895.7,type1
40,-9,4,798.0,type1
50,-19,3,1053.66666667,type1
50,-46,5,666.0,type1
50,-10,6,560.666666667,type1
50,-37,1,1220.0,type1
50,-31,9,797.333333333,type1
40,-4,10,426.4,type1
50,-33,3,1025.66666667,type1
50,-1,7,515.571428571,type1
50,-31,4,885.25,type1
50,-35,3,1019.66666667,type1
50,-16,3,1282.33333333,type1
50,-43,2,524.0,type1
50,-42,2,1486.0,type1
50,-6,3,960.666666667,type1
50,-13,4,657.0,type1
50,-2,2,2039.0,type1
50,-46,2,1648.5,type1
50,-45,4,946.5,type1
50,-5,1,2827.0,type1
50,-46,2,1455.0,type1
50,-14,2,1583.5,type1
50,-27,4,891.5,type1
50,-40,1,3436.0,type1
40,56,8,390.25,type1
40,43,4,404.25,type1
50,-46,5,358.6,type1
50,-13,1,1545.0,type1
40,-8,4,513.25,type1
0,0,0,0.0,type1
50,70,5,651.6,type1
50,-31,1,1089.0,type1
50,-43,4,422.75,type1
50,-48,2,648.0,type1
50,-16,3,243.0,type1
50,-30,7,319.0,type1
50,-23,6,343.5,type1
50,-5,4,423.0,type1
50,-21,7,303.0,type1
50,-45,2,847.0,type1
0,0,0,0.0,type1
40,-26,3,616.0,type1
50,-43,2,441.0,type1
50,-23,5,307.6,type1
40,-21,3,483.666666667,type1
50,-42,2,667.5,type1
40,-25,3,799.666666667,type1
50,-44,3,540.666666667,type1
50,-46,4,489.0,type1
50,-32,2,841.5,type1
50,2,1,1427.0,type1
50,-25,4,582.0,type1
50,-27,2,755.0,type1
40,-44,3,731.333333333,type1
50,-4,3,347.666666667,type1
50,-19,4,137.75,type1
50,-24,1,857.0,type1
50,-38,3,255.0,type1
50,-44,3,353.0,type1
40,-24,2,410.5,type1
50,-43,1,673.0,type1
50,-10,3,239.666666667,type1
40,-20,2,402.5,type1
50,-41,3,380.333333333,type1
40,-26,3,136.666666667,type1
50,-33,2,458.0,type1
50,-2,1,839.0,type1
50,-16,4,302.5,type1
50,-26,4,548.5,type1
0,0,0,0.0,type1
0,0,0,0.0,type1
50,-1,1,1025.0,type1
40,-45,1,36.0,type1
50,-23,2,381.0,type1
50,-10,1,515.0,type1
50,-6,5,148.2,type1
50,-24,1,893.0,type1
40,-37,3,396.0,type1
50,-34,1,347.0,type1
50,-37,1,827.0,type1
50,-37,3,294.333333333,type1
50,-32,1,884.0,type1
50,-22,4,315.25,type1
40,-24,3,420.333333333,type1
30,58,6,395.833333333,type1
50,-13,8,196.75,type1
50,-33,4,386.0,type1
40,-3,5,404.2,type1
0,0,0,0.0,type1
50,-42,5,959.6,type1
50,-23,4,490.75,type1
50,-15,4,478.25,type1
40,-28,2,696.5,type1
50,-35,4,414.5,type1
0,0,0,0.0,type1
50,35,5,717.8,type1
40,61,8,489.25,type1
50,25,4,445.0,type1
40,37,6,364.333333333,type1
50,-21,6,355.166666667,type1
40,-37,3,584.0,type1
0,0,0,0.0,type1
40,-8,1,318.0,type1
0,0,0,0.0,type1
50,-9,3,414.666666667,type1
50,-34,1,1244.0,type1
50,-37,2,833.5,type1
0,0,0,0.0,type1
0,0,0,0.0,type1
0,0,0,0.0,type1
0,0,0,0.0,type1
50,-15,5,452.4,type1
0,0,0,0.0,type1
30,-44,2,1136.5,type1
50,-24,3,1009.0,type1
50,-31,2,388.0,type1
50,-12,5,450.4,type1
50,-28,2,776.0,type1
50,-42,3,768.333333333,type1
50,-25,4,555.0,type1
50,-41,6,447.666666667,type1
50,-36,3,700.333333333,type1
50,-42,4,516.5,type1
50,-24,2,896.5,type1
50,-42,2,433.5,type1
50,-43,5,453.4,type1
40,-41,4,563.0,type1
50,-37,5,748.2,type1
40,-31,7,612.714285714,type1
50,-36,2,928.0,type1
50,-8,2,828.5,type1
50,-16,2,1133.0,type1
50,-4,1,714.0,type1
50,-38,3,726.666666667,type1
50,-47,3,594.333333333,type1
40,-30,3,614.666666667,type1
50,-7,2,1280.0,type1
50,-30,4,600.0,type1
50,-41,2,1061.5,type1
40,-7,4,489.25,type1
50,-30,4,531.25,type1
50,-33,4,605.25,type1
50,-42,3,802.333333333,type1
50,-8,1,1977.0,type1
50,-25,5,399.8,type1
40,-44,5,211.6,type1
50,-2,2,1073.5,type1
50,-16,2,1625.5,type1
50,-36,3,756.666666667,type1
50,-40,5,639.4,type1
50,-14,1,1711.0,type1
50,-33,3,581.666666667,type1
50,-8,7,353.0,type1
50,-13,2,935.5,type1
50,-36,1,698.0,type1
50,-46,4,517.0,type1
50,-6,4,537.25,type1
50,-20,1,1958.0,type1
50,-41,3,1158.66666667,type1
50,-19,2,957.5,type1
50,-22,3,714.0,type1
40,-48,2,941.5,type1
50,-38,2,498.0,type1
40,-4,3,631.333333333,type1
50,-19,2,1001.0,type1
50,-22,3,636.333333333,type1
50,-8,2,1291.5,type1
50,-27,2,1025.5,type1
50,-13,1,2037.0,type1
50,-40,1,1491.0,type1
50,-7,2,845.0,type1
50,-40,2,972.5,type1
50,-47,3,773.666666667,type1
50,-23,2,1194.0,type1
50,-2,9,415.666666667,type1
50,-7,7,271.714285714,type1
50,-16,6,755.166666667,type1
50,-2,9,1069.22222222,type1
40,-36,8,415.5,type1
50,30,7,500.285714286,type1
50,-23,11,384.818181818,type1
50,-10,5,796.8,type1
50,63,7,499.857142857,type1
50,39,8,796.5,type1
50,-27,7,281.428571429,type1
50,-36,7,526.714285714,type1
50,-25,6,608.166666667,type1
50,-34,10,993.8,type1
50,39,13,539.384615385,type1
50,-47,6,626.0,type1
50,33,6,599.333333333,type1
50,34,5,740.6,type1
40,-23,2,370.0,type1
50,-2,5,666.6,type1
50,64,4,806.5,type1
50,-36,3,896.666666667,type1
50,-22,1,3560.0,type1
50,-42,2,1624.5,type1
50,55,2,1721.5,type1
50,-13,4,832.75,type1
50,-36,3,1154.0,type1
50,36,3,1108.0,type1
50,-8,2,1756.0,type1
50,-18,4,968.75,type1
40,-10,10,513.5,type1
50,-22,3,386.0,type1
30,-47,6,405.5,type1
40,-12,5,1028.4,type1
40,-3,3,657.666666667,type1
40,-24,5,918.2,type1
50,-11,3,1221.0,type1
40,-34,2,679.0,type1
30,-21,6,327.166666667,type1
40,-11,5,348.6,type1
40,42,2,314.0,type1
40,-29,3,1144.33333333,type1
50,28,8,342.25,type1
40,49,6,722.0,type1
40,29,8,446.5,type1
40,-36,4,478.0,type1
50,-31,2,1018.5,type1
50,-11,2,877.0,type1
40,-34,2,269.0,type1
30,-33,2,805.0,type1
30,62,3,528.333333333,type1
40,-34,1,1522.0,type1
50,-14,2,1060.5,type1
50,53,2,827.5,type1
40,-1,2,880.5,type1
40,-25,2,750.0,type1
40,-4,2,711.0,type1
40,-25,3,624.333333333,type1
40,-19,4,524.25,type1
30,-47,4,592.0,type1
40,57,3,628.666666667,type1
0,0,0,0.0,type1
40,33,2,469.0,type1
40,2,5,236.6,type1
40,43,1,1057.0,type1
50,15,4,469.75,type1
0,0,0,0.0,type1
0,0,0,0.0,type1
30,1,6,194.666666667,type1
30,-48,2,270.5,type1
40,24,2,138.5,type1
50,31,2,533.5,type1
40,35,3,303.333333333,type1
0,0,0,0.0,type1
40,23,4,321.75,type1
0,0,0,0.0,type1
0,0,0,0.0,type1
50,60,1,1030.0,type1
0,0,0,0.0,type1
40,3,2,561.5,type1
0,0,0,0.0,type1
0,0,0,0.0,type1
40,39,1,691.0,type1
0,0,0,0.0,type1
40,21,1,865.0,type1
30,13,1,940.0,type1
40,17,4,360.5,type1
0,0,0,0.0,type1
40,51,1,766.0,type1
50,58,1,974.0,type1
50,31,5,641.4,type1
40,61,6,174.166666667,type1
50,20,3,517.666666667,type1
50,5,4,488.75,type1
0,0,0,0.0,type1
0,0,0,0.0,type1
50,30,4,541.25,type1
50,29,2,895.0,type1
0,0,0,0.0,type1
50,9,5,693.6,type1
0,0,0,0.0,type1
0,0,0,0.0,type1
40,54,5,427.0,type1
0,0,0,0.0,type1
40,38,5,332.4,type1
0,0,0,0.0,type1
40,-42,5,434.6,type1
50,-26,3,605.666666667,type1
50,50,2,282.0,type1
0,0,0,0.0,type1
50,-33,3,559.0,type1
40,-40,2,904.5,type1
40,51,3,608.666666667,type1
50,3,3,595.0,type1
0,0,0,0.0,type1
40,48,2,844.0,type1
0,0,0,0.0,type1
50,-13,2,980.0,type1
40,21,3,518.666666667,type1
40,71,3,706.666666667,type1
40,31,9,556.888888889,type1
50,-8,4,324.5,type1
50,72,7,411.857142857,type1
0,0,0,0.0,type1
50,64,6,500.333333333,type1
40,11,7,394.714285714,type1
0,0,0,0.0,type1
50,-16,6,431.0,type1
0,0,0,0.0,type1
50,25,8,377.25,type1
50,22,1,1042.0,type1
40,63,4,634.0,type1
50,53,10,315.9,type1
50,-20,4,676.0,type1
50,56,4,543.75,type1
50,56,5,512.4,type1
50,33,3,792.666666667,type1
0,0,0,0.0,type1
0,0,0,0.0,type1
0,0,0,0.0,type1
50,-44,2,1219.5,type1
50,13,4,515.0,type1
50,-40,2,1535.5,type1
0,0,0,0.0,type1
50,62,4,677.5,type1
50,43,4,674.5,type1
50,-38,1,2100.0,type1
50,33,2,1183.0,type1
40,-23,2,1214.5,type1
50,57,3,1007.66666667,type1
50,-16,14,718.714285714,type1
40,-47,6,340.166666667,type1
50,-12,10,468.0,type1
50,-42,9,733.777777778,type1
50,70,10,410.7,type1
50,-29,12,790.833333333,type1
50,4,6,578.666666667,type1
50,-42,2,1362.5,type1
50,-34,8,827.0,type1
50,-47,7,521.571428571,type1
50,-31,6,235.833333333,type1
50,-23,9,454.777777778,type1
50,-6,8,857.125,type1
50,-43,7,520.571428571,type1
40,-23,6,568.0,type1
50,-33,5,589.6,type1
50,-13,9,385.555555556,type1
50,-14,3,1209.33333333,type1
50,-31,3,386.0,type1
50,-5,3,1113.0,type1
50,-4,4,813.75,type1
50,-37,2,1358.0,type1
50,32,3,1393.0,type1
50,-12,2,1619.0,type1
50,-23,3,1091.33333333,type1
50,-36,4,825.0,type1
50,-36,5,706.2,type1
50,-2,4,951.75,type1
50,-20,3,1168.66666667,type1
50,40,1,3557.0,type1
50,-9,5,547.2,type1
40,47,7,181.857142857,type1
50,16,1,1178.0,type1
0,0,0,0.0,type1
40,-27,1,574.0,type1
0,0,0,0.0,type1
40,-15,3,1000.66666667,type1
50,-27,2,809.0,type1
50,-2,1,1032.0,type1
0,0,0,0.0,type1
50,-15,2,184.5,type1
50,-36,2,948.0,type1
0,0,0,0.0,type1
0,0,0,0.0,type1
50,-30,1,1229.0,type1
40,-41,1,722.0,type1
40,-30,2,662.0,type1
0,0,0,0.0,type1
0,0,0,0.0,type1
0,0,0,0.0,type1
50,43,3,416.666666667,type1
30,-4,1,715.0,type1
40,-38,1,1374.0,type1
40,-36,3,403.666666667,type1
30,32,2,612.0,type1
40,-34,4,296.25,type1
30,-34,1,584.0,type1
40,-47,1,1267.0,type1
0,0,0,0.0,type1
40,-43,1,1224.0,type1
50,-35,9,481.666666667,type1
50,-33,3,280.666666667,type1
50,-24,4,567.25,type1
50,-28,6,366.833333333,type1
50,-11,2,1013.0,type1
50,-36,1,1921.0,type1
50,-17,3,787.333333333,type1
40,-31,3,534.666666667,type1
40,-47,1,1978.0,type1
50,-23,4,1009.25,type1
50,-42,4,276.75,type1
50,-23,4,595.5,type1
50,-4,7,394.142857143,type1
50,-16,5,768.6,type1
50,-34,6,687.666666667,type1
50,-6,3,616.666666667,type1
50,-34,1,2165.0,type1
50,-46,2,1148.5,type1
50,-44,1,511.0,type1
40,-35,5,524.4,type1
50,-22,4,512.5,type1
40,-24,2,917.5,type1
50,-15,3,935.666666667,type1
50,-4,3,733.666666667,type1
50,-21,2,1136.5,type1
50,-8,1,2169.0,type1
50,-24,2,1057.0,type1
50,-7,4,575.75,type1
50,-12,2,1208.0,type1
50,-26,3,725.333333333,type1
40,-23,3,424.333333333,type1
50,-16,4,271.0,type1
40,-16,3,456.333333333,type1
0,0,0,0.0,type1
50,11,4,230.75,type1
0,0,0,0.0,type1
50,60,2,384.0,type1
50,-38,2,138.5,type1
50,59,1,556.0,type1
40,-15,7,222.857142857,type1
40,-33,2,135.0,type1
40,66,3,325.0,type1
0,0,0,0.0,type1
30,-13,3,688.666666667,type1
40,39,3,543.333333333,type1
0,0,0,0.0,type1
30,-1,4,177.25,type1
30,-7,1,434.0,type1
50,-26,1,513.0,type1
40,-42,2,94.5,type1
40,-35,3,189.0,type1
40,-42,1,584.0,type1
40,13,1,680.0,type1
40,-20,3,333.0,type1
0,0,0,0.0,type1
30,-10,1,732.0,type1
50,20,1,881.0,type1
40,3,2,512.0,type1
0,0,0,0.0,type1
40,-36,1,541.0,type1
30,68,7,308.571428571,type1
40,72,6,248.166666667,type1
30,-1,5,403.4,type1
40,-25,7,666.428571429,type1
40,5,2,908.5,type1
40,2,6,800.833333333,type1
50,47,3,1163.33333333,type1
40,27,7,479.142857143,type1
40,35,4,450.0,type1
50,-12,4,807.25,type1
50,-16,3,359.0,type1
40,-34,4,474.25,type1
50,-10,4,504.0,type1
40,43,6,762.833333333,type1
40,-2,5,723.6,type1
40,36,3,641.333333333,type1
40,49,3,617.0,type1
40,-32,2,861.0,type1
30,69,2,138.0,type1
40,5,3,648.666666667,type1
40,66,2,873.5,type1
50,71,1,1256.0,type1
30,-26,3,653.666666667,type1
40,-4,2,753.5,type1
40,4,2,870.5,type1
50,-23,2,805.5,type1
50,56,4,519.75,type1
40,-4,3,528.0,type1
40,-23,2,747.0,type1
30,-41,3,622.333333333,type1
0,0,0,0.0,type1
50,-34,1,681.0,type1
50,-33,4,489.75,type1
0,0,0,0.0,type1
50,-12,4,511.75,type1
50,-9,6,573.5,type1
0,0,0,0.0,type1
50,-40,1,1693.0,type1
40,-39,4,447.5,type1
0,0,0,0.0,type1
0,0,0,0.0,type1
50,-5,7,277.714285714,type1
50,-14,4,533.5,type1
50,-7,3,574.0,type1
0,0,0,0.0,type1
50,-19,2,653.0,type1
50,-27,3,458.0,type1
40,-36,2,864.0,type1
50,-43,2,198.5,type1
50,-39,5,361.4,type1
40,-37,2,850.0,type1
50,-8,3,501.333333333,type1
50,-35,1,1784.0,type1
50,-10,2,763.5,type1
40,-46,3,692.333333333,type1
40,-27,2,655.5,type1
50,-27,1,1554.0,type1
50,-9,5,419.0,type1
0,0,0,0.0,type1
0,0,0,0.0,type1
50,-38,5,533.6,type1
50,-31,5,230.8,type1
50,44,4,443.75,type1
50,71,3,674.333333333,type1
50,69,3,611.666666667,type1
40,-14,1,1407.0,type1
50,-24,3,1188.66666667,type1
50,68,3,445.333333333,type1
50,-41,5,372.0,type1
50,16,5,330.8,type1
50,-15,3,271.666666667,type1
50,40,4,504.5,type1
40,31,3,522.333333333,type1
50,-29,5,394.6,type1
50,-44,3,510.0,type1
50,-31,5,368.8,type1
50,52,3,658.333333333,type1
40,63,2,857.0,type1
50,60,4,200.5,type1
50,47,1,1319.0,type1
50,-47,2,826.5,type1
50,-18,2,677.5,type1
40,-34,2,818.5,type1
50,40,2,806.0,type1
40,38,2,845.5,type1
50,-29,3,720.0,type1
50,27,6,338.5,type1
50,-23,2,1081.5,type1
50,24,4,519.5,type1
50,30,2,922.0,type1
50,-22,5,393.2,type1
30,-14,4,163.75,type1
50,-19,7,286.428571429,type1
40,-17,3,561.666666667,type1
50,-17,3,581.666666667,type1
40,-35,4,393.25,type1
30,-41,5,658.6,type1
40,-46,1,1271.0,type1
50,-47,3,430.666666667,type1
30,-10,3,441.0,type1
50,-8,6,193.166666667,type1
40,-42,4,436.25,type1
30,-15,5,392.4,type1
40,-39,5,378.8,type1
50,-11,2,683.5,type1
30,-34,7,303.714285714,type1
50,-10,1,1844.0,type1
30,-5,2,1026.0,type1
40,-26,2,471.5,type1
40,-13,6,388.333333333,type1
40,-35,4,460.25,type1
40,-26,3,530.0,type1
50,-48,3,613.666666667,type1
50,-44,2,1137.0,type1
50,-12,3,581.333333333,type1
50,-43,2,668.5,type1
30,-38,2,721.5,type1
40,-47,3,513.0,type1
40,-33,4,501.5,type1
50,-10,4,545.5,type1
0,0,0,0.0,type1
0,0,0,0.0,type1
0,0,0,0.0,type1
40,-47,4,423.5,type1
40,-22,2,777.0,type1
30,-18,5,384.2,type1
40,-27,4,467.0,type1
40,-6,6,315.0,type1
30,-31,5,453.0,type1
40,-23,6,355.666666667,type1
0,0,0,0.0,type1
50,-32,4,468.25,type1
0,0,0,0.0,type1
40,-40,6,535.5,type1
0,0,0,0.0,type1
30,-16,1,1448.0,type1
0,0,0,0.0,type1
40,-28,1,1466.0,type1
0,0,0,0.0,type1
0,0,0,0.0,type1
30,-38,1,1225.0,type1
0,0,0,0.0,type1
30,-20,1,2032.0,type1
40,-2,1,1707.0,type1
40,-29,5,438.2,type1
0,0,0,0.0,type1
40,-25,3,486.333333333,type1
40,-11,1,1293.0,type1
40,-46,2,857.0,type1
0,0,0,0.0,type1
50,-20,7,317.571428571,type1
50,-37,5,214.2,type1
0,0,0,0.0,type1
50,-28,5,638.2,type1
40,-18,2,850.5,type1
0,0,0,0.0,type1
40,-18,5,760.6,type1
50,-34,3,355.333333333,type1
50,-39,2,729.0,type1
50,-43,2,791.5,type1
50,-46,3,370.666666667,type1
50,-15,2,934.0,type1
0,0,0,0.0,type1
50,-23,4,573.75,type1
40,-35,2,1427.0,type1
50,-45,1,1318.0,type1
50,-33,1,1589.0,type1
50,-42,2,967.5,type1
50,-15,2,205.0,type1
40,-23,3,465.0,type1
50,-15,4,350.25,type1
0,0,0,0.0,type1
50,-47,3,652.0,type1
40,-2,2,732.0,type1
50,-9,2,886.0,type1
50,-17,3,599.0,type1
40,-40,3,491.0,type1
40,-1,2,822.5,type1
50,-46,1,1788.0,type1
40,-24,2,920.0,type1
50,-33,6,513.0,type1
50,-33,4,150.5,type1
50,-2,1,1157.0,type1
50,-32,3,561.333333333,type1
50,-46,3,491.333333333,type1
40,-27,7,548.285714286,type1
50,-37,4,508.25,type1
40,-17,2,802.0,type1
50,62,3,546.0,type1
50,4,3,593.666666667,type1
50,-8,3,307.666666667,type1
50,-20,6,364.333333333,type1
50,-48,4,439.75,type1
50,-1,5,392.0,type1
50,-36,5,329.4,type1
50,-38,4,499.25,type1
50,-9,3,559.333333333,type1
50,-27,2,818.0,type1
50,-39,4,251.75,type1
50,-9,3,573.0,type1
50,-39,2,713.5,type1
40,-43,5,308.6,type1
50,-23,2,1117.5,type1
50,-8,3,575.666666667,type1
50,-24,3,599.666666667,type1
50,-29,1,1181.0,type1
50,-46,4,475.25,type1
50,-43,2,929.5,type1
50,-31,2,795.5,type1
40,-29,1,1792.0,type1
50,-27,4,479.5,type1
30,-23,3,146.666666667,type1
50,-22,6,337.666666667,type1
0,0,0,0.0,type1
30,-33,2,512.0,type1
50,-31,4,718.0,type1
50,-1,6,255.166666667,type1
0,0,0,0.0,type1
0,0,0,0.0,type1
40,-41,5,330.6,type1
40,-14,4,289.0,type1
40,-33,1,1228.0,type1
50,-20,6,362.333333333,type1
30,-23,2,555.5,type1
0,0,0,0.0,type1
40,-40,3,446.0,type1
30,-45,4,314.75,type1
0,0,0,0.0,type1
40,-26,1,178.0,type1
30,-11,2,647.0,type1
40,-1,2,503.0,type1
50,-44,3,443.0,type1
50,-16,1,1791.0,type1
40,-23,1,1448.0,type1
40,-5,1,1693.0,type1
40,-21,1,997.0,type1
30,-46,1,918.0,type1
30,-29,1,888.0,type1
0,0,0,0.0,type1
40,-46,1,1589.0,type1
50,-20,10,389.8,type1
40,-22,6,422.833333333,type1
50,1,7,526.714285714,type1
50,38,7,480.571428571,type1
50,-40,7,559.285714286,type1
50,10,8,403.75,type1
50,62,7,499.285714286,type1
50,36,1,2645.0,type1
40,-38,10,426.6,type1
50,57,10,355.4,type1
50,34,6,212.666666667,type1
50,-14,7,515.142857143,type1
50,8,5,694.0,type1
40,-19,5,733.8,type1
50,-18,8,830.25,type1
50,-41,5,644.0,type1
50,-22,4,914.0,type1
50,5,2,1839.0,type1
40,36,4,324.25,type1
50,-11,5,644.2,type1
50,56,5,551.0,type1
50,-37,3,859.0,type1
50,-13,3,1383.0,type1
50,30,2,1624.0,type1
50,-38,4,992.0,type1
50,-13,3,1209.33333333,type1
50,-8,3,1045.66666667,type1
40,35,3,1155.66666667,type1
50,31,7,569.142857143,type1
50,59,4,950.0,type1
30,-19,9,424.444444444,type1
40,6,6,586.5,type1
30,-18,7,682.0,type1
40,-24,7,532.0,type1
50,16,7,523.428571429,type1
50,-42,7,1282.71428571,type1
0,0,0,0.0,type1
40,-22,8,594.75,type1
40,-2,8,487.375,type1
0,0,0,0.0,type1
40,-22,6,252.166666667,type1
40,-20,8,808.125,type1
30,-7,8,476.875,type1
40,22,7,1318.57142857,type1
40,-46,5,1204.2,type1
40,9,5,637.2,type1
0,0,0,0.0,type1
40,-28,2,1704.0,type1
30,-33,2,607.5,type1
0,0,0,0.0,type1
30,-28,5,563.2,type1
30,39,2,1373.5,type1
40,-9,3,1472.0,type1
50,5,4,872.0,type1
0,0,0,0.0,type1
50,52,1,2712.0,type1
0,0,0,0.0,type1
30,-32,1,3164.0,type1
40,-35,2,1682.5,type1
0,0,0,0.0,type1
50,52,4,303.75,type1
30,8,6,190.833333333,type1
40,37,2,303.5,type1
50,17,5,252.6,type1
50,19,2,534.0,type1
40,-25,4,367.75,type1
40,53,5,557.0,type1
50,69,2,606.0,type1
50,-23,3,330.666666667,type1
30,-3,3,358.0,type1
30,-43,1,393.0,type1
40,27,4,266.25,type1
40,55,1,898.0,type1
40,6,3,532.666666667,type1
40,18,3,490.0,type1
40,48,2,417.0,type1
40,51,1,886.0,type1
40,69,4,326.25,type1
30,-30,1,45.0,type1
40,45,2,614.0,type1
30,22,1,942.0,type1
50,8,2,327.5,type1
40,20,1,1000.0,type1
50,30,1,849.0,type1
40,38,2,440.5,type1
50,26,2,605.0,type1
50,30,1,577.0,type1
40,52,1,1095.0,type1
40,13,1,1285.0,type1
30,51,4,403.75,type1
50,-34,4,472.25,type1
50,-12,3,328.0,type1
50,-46,5,384.0,type1
40,-13,4,452.75,type1
30,-5,4,436.0,type1
50,-40,2,586.5,type1
50,-28,3,1072.66666667,type1
40,-21,3,445.333333333,type1
40,-36,4,499.75,type1
0,0,0,0.0,type1
50,-36,3,287.333333333,type1
30,-41,5,341.6,type1
0,0,0,0.0,type1
0,0,0,0.0,type1
0,0,0,0.0,type1
50,-44,2,706.0,type1
30,-26,2,618.5,type1
0,0,0,0.0,type1
0,0,0,0.0,type1
50,-27,3,479.333333333,type1
40,-20,1,1310.0,type1
30,-1,6,338.0,type1
40,-2,2,960.5,type1
40,-42,6,372.166666667,type1
50,-6,2,887.5,type1
50,-26,2,852.0,type1
40,-43,2,930.0,type1
50,-3,5,412.0,type1
50,-15,2,1020.5,type1
50,-30,2,1025.0,type1
50,37,5,391.0,type1
50,33,4,171.75,type1
40,46,5,512.2,type1
50,63,5,339.4,type1
50,72,4,464.75,type1
50,14,1,1543.0,type1
50,-33,4,498.75,type1
40,64,1,1167.0,type1
50,21,4,406.5,type1
50,-15,3,574.0,type1
40,63,3,189.666666667,type1
50,44,3,597.666666667,type1
40,64,5,401.6,type1
50,-9,7,284.714285714,type1
50,52,4,399.25,type1
50,6,3,633.333333333,type1
40,69,4,454.5,type1
50,9,5,493.8,type1
50,42,1,127.0,type1
40,22,5,433.0,type1
40,51,2,654.5,type1
50,16,1,1346.0,type1
40,41,3,768.333333333,type1
40,-41,1,1836.0,type1
40,38,2,847.5,type1
50,8,2,848.0,type1
50,47,1,1492.0,type1
50,66,5,467.8,type1
50,-40,3,666.333333333,type1
50,69,3,604.0,type1
50,-48,11,322.272727273,type1
40,-39,6,205.333333333,type1
50,-16,4,455.0,type1
40,-20,5,689.8,type1
50,-24,7,270.714285714,type1
50,34,4,444.0,type1
50,-35,6,532.166666667,type1
50,-39,1,1159.0,type1
0,0,0,0.0,type1
50,-35,4,385.5,type1
50,-23,2,247.5,type1
50,-20,4,497.5,type1
50,-46,4,812.25,type1
50,-37,5,632.0,type1
50,-14,3,1081.0,type1
50,-32,2,716.0,type1
50,-44,3,650.0,type1
50,72,3,708.0,type1
50,-8,2,208.0,type1
50,52,3,593.666666667,type1
50,-6,2,806.5,type1
50,-34,1,1343.0,type1
50,-25,4,571.25,type1
50,-12,2,982.0,type1
50,-4,3,618.333333333,type1
40,-29,6,341.5,type1
50,-15,1,1189.0,type1
50,-8,2,854.5,type1
50,-14,4,542.75,type1
50,-7,3,736.666666667,type1
50,-5,5,398.2,type1
50,-25,5,237.2,type1
50,-47,3,647.333333333,type1
50,-21,7,530.285714286,type1
50,-1,4,444.0,type1
50,-40,5,650.2,type1
50,-22,3,702.666666667,type1
50,-38,3,487.0,type1
50,-15,7,286.857142857,type1
50,-8,2,784.5,type1
50,-5,6,104.5,type1
50,-2,4,472.5,type1
50,-30,4,484.75,type1
40,-28,5,404.8,type1
50,-28,4,698.75,type1
50,-17,6,279.166666667,type1
50,-23,4,344.0,type1
50,-6,1,1891.0,type1
40,-1,2,323.0,type1
50,-25,2,829.5,type1
50,-36,3,621.666666667,type1
50,-6,2,685.5,type1
50,-9,1,1723.0,type1
50,-26,4,471.25,type1
40,-33,2,908.5,type1
50,-28,2,891.5,type1
50,-28,2,673.5,type1
50,-25,2,967.5,type1
50,-6,6,357.0,type1
50,-47,2,921.0,type1
50,56,9,283.333333333,type1
50,-8,4,263.0,type1
50,-10,5,314.6,type1
50,-47,4,776.0,type1
40,21,4,379.5,type1
50,-27,4,423.75,type1
50,52,5,419.4,type1
0,0,0,0.0,type1
50,71,3,624.333333333,type1
50,-45,1,1301.0,type1
40,-7,1,712.0,type1
50,-14,6,376.666666667,type1
50,-8,2,902.0,type1
40,47,6,572.833333333,type1
50,50,1,1541.0,type1
50,-36,5,344.8,type1
40,-38,4,373.25,type1
40,-7,5,402.8,type1
50,4,2,256.5,type1
40,22,5,425.8,type1
50,28,1,1305.0,type1
50,69,2,837.0,type1
50,59,2,999.0,type1
50,-18,4,482.5,type1
50,-33,3,634.666666667,type1
50,1,2,823.0,type1
0,0,0,0.0,type1
50,-18,2,793.5,type1
50,47,3,676.0,type1
50,-12,2,968.5,type1
0,0,0,0.0,type1
0,0,0,0.0,type1
50,-33,2,525.0,type1
30,-22,1,677.0,type1
30,-1,2,376.0,type1
40,-6,2,548.5,type1
0,0,0,0.0,type1
0,0,0,0.0,type1
0,0,0,0.0,type1
30,-1,3,329.333333333,type1
40,-48,3,137.666666667,type1
50,-21,4,511.25,type1
0,0,0,0.0,type1
40,-34,2,633.0,type1
0,0,0,0.0,type1
30,-29,1,637.0,type1
0,0,0,0.0,type1
30,-36,1,1201.0,type1
0,0,0,0.0,type1
0,0,0,0.0,type1
40,-44,1,786.0,type1
50,-9,5,227.8,type1
50,-44,1,1114.0,type1
40,-15,5,305.4,type1
50,-45,3,409.0,type1
40,-35,2,389.5,type1
40,-24,3,372.333333333,type1
40,-48,1,1171.0,type1
40,-21,1,1089.0,type1
30,-32,1,1179.0,type1
50,30,3,510.0,type1
40,-41,3,340.666666667,type1
30,11,3,277.333333333,type1
30,-14,6,562.666666667,type1
30,34,2,412.0,type1
40,-31,4,584.25,type1
40,62,4,741.75,type1
50,-6,3,531.0,type1
50,-6,1,1111.0,type1
40,42,2,471.0,type1
40,-42,2,433.5,type1
40,-16,5,387.2,type1
40,53,5,425.6,type1
40,34,1,795.0,type1
50,34,3,526.333333333,type1
50,11,2,535.5,type1
50,-37,1,803.0,type1
40,19,1,1056.0,type1
40,70,2,288.0,type1
30,-35,3,310.666666667,type1
40,28,1,1003.0,type1
50,-10,1,719.0,type1
40,-2,3,546.333333333,type1
40,-47,6,267.5,type1
40,66,2,447.0,type1
50,71,1,616.0,type1
40,40,4,276.5,type1
30,-34,1,783.0,type1
40,-47,2,599.0,type1
30,-25,1,1234.0,type1
30,-28,3,514.0,type1
40,-46,5,397.2,type1
40,11,5,358.0,type1
50,-22,7,705.571428571,type1
40,-40,2,871.5,type1
40,-38,5,346.0,type1
40,-35,7,656.285714286,type1
50,-43,6,389.0,type1
30,-32,4,855.5,type1
50,-45,6,623.0,type1
30,-39,3,255.666666667,type1
50,-8,4,444.25,type1
40,-15,4,486.75,type1
30,-32,5,893.2,type1
40,-27,4,371.25,type1
30,-14,2,595.5,type1
50,-33,5,427.2,type1
50,-1,2,895.0,type1
40,-46,1,523.0,type1
30,8,6,336.333333333,type1
30,-41,3,521.333333333,type1
50,-6,3,435.666666667,type1
40,-14,2,1052.5,type1
40,-35,2,972.0,type1
40,-22,2,820.0,type1
50,-26,3,580.666666667,type1
30,-22,2,772.0,type1
40,-14,2,807.0,type1
40,-37,3,603.333333333,type1
30,-33,6,355.666666667,type1
40,-32,13,800.076923077,type1
50,-6,7,258.428571429,type1
40,-14,7,458.0,type1
40,39,7,1298.0,type1
40,65,8,490.0,type1
30,-29,8,421.5,type1
40,-42,5,1377.8,type1
30,-16,4,682.5,type1
50,-34,7,467.142857143,type1
40,18,6,517.166666667,type1
40,5,4,387.25,type1
50,-11,7,557.0,type1
50,45,9,448.111111111,type1
40,64,9,1057.88888889,type1
40,2,10,951.9,type1
0,0,0,0.0,type1
30,-10,7,498.857142857,type1
50,-37,4,908.0,type1
30,-48,3,372.333333333,type1
50,7,10,352.8,type1
40,-43,5,639.0,type1
50,6,5,611.6,type1
40,16,3,1383.33333333,type1
50,5,1,3206.0,type1
30,-18,5,767.0,type1
50,51,3,1174.33333333,type1
50,-23,4,774.25,type1
40,-2,6,549.166666667,type1
30,22,6,676.833333333,type1
40,-12,3,1224.33333333,type1
50,-42,6,548.0,type1
50,-20,8,214.125,type1
50,-28,1,1863.0,type1
40,-42,6,995.0,type1
50,-6,3,636.333333333,type1
50,-23,5,403.2,type1
50,-30,4,1722.75,type1
50,-11,4,482.0,type1
50,-4,2,974.0,type1
50,-42,5,764.4,type1
50,-30,1,905.0,type1
50,-25,4,505.0,type1
40,-25,7,527.428571429,type1
50,-12,4,573.5,type1
50,-40,5,1338.4,type1
50,-23,3,787.666666667,type1
50,-33,2,1008.0,type1
50,-7,2,1156.0,type1
40,-5,1,611.0,type1
50,-31,7,374.571428571,type1
50,-40,3,684.333333333,type1
40,-17,2,1015.0,type1
50,-12,2,1264.5,type1
50,-36,4,636.75,type1
50,-44,5,533.4,type1
0,0,0,0.0,type1
50,-24,3,715.0,type1
50,-47,4,633.0,type1
50,-46,3,735.0,type1
50,-15,3,884.666666667,type1
